Athlete,Team,Score,Remark,Sex,Form,Group
DE ALMEIDA COSTA Cleu,BRA,8.85,1ST Prize,M,Cailifoquan (Choy Lay Fut),D
MASCHERPE CUELBAS Joao Pedro,BRA,8.82,2ND Prize,M,Cailifoquan (Choy Lay Fut),D
DA SILVA CAPELAZZO Anthony,BRA,8.8,3RD Prize,M,Cailifoquan (Choy Lay Fut),D
AZEVEDO Miguel Angelo,PRT,8.71,3RD Prize,M,Cailifoquan (Choy Lay Fut),D
GKOUMAS Anastasios,GRC,8.55,,M,Cailifoquan (Choy Lay Fut),D
YAP Wei Sheng Wilson,SGP,8.82,1ST Prize,M,Hongjiaquan (Hung Gar),D
NG Shao Chun,SGP,8.79,2ND Prize,M,Hongjiaquan (Hung Gar),D
NISIOTIS Nikolaos,GRC,8.77,2ND Prize,M,Hongjiaquan (Hung Gar),D
MA?NICKI Konrad,POL,8.64,3RD Prize,M,Hongjiaquan (Hung Gar),D
DAOUDI Moubarak,BEL,8.61,3RD Prize,M,Hongjiaquan (Hung Gar),D
TESTARDINI Matteo,ITA,8.6,,M,Hongjiaquan (Hung Gar),D
MIRATSKY Jakub,CZE,8.56,,M,Hongjiaquan (Hung Gar),D
ULLAH Mohammad Wahid,USA,8.5,,M,Hongjiaquan (Hung Gar),D
YANG Fuhua,CHN,9.05,1ST Prize,M,Yongchunquan (Wing Chun),D
CHARLES Sutanto,IDN,8.85,2ND Prize,M,Yongchunquan (Wing Chun),D
TABAROV Fotekh,TJK,8.75,2ND Prize,M,Yongchunquan (Wing Chun),D
NASR IBRAHIM Taw?k Mossad Salem,EGY,8.74,3RD Prize,M,Yongchunquan (Wing Chun),D
ESWAL Abhijeet,IND,8.65,3RD Prize,M,Yongchunquan (Wing Chun),D
KARWOWSKI Jakub,POL,8.65,3RD Prize,M,Yongchunquan (Wing Chun),D
SHAIK Aman Pasha,IND,8.63,,M,Yongchunquan (Wing Chun),D
PAW?OWICZ Mateusz Robert,POL,8.57,,M,Yongchunquan (Wing Chun),D
SZPOCZEK Micha? Krzysztof,POL,8.56,,M,Yongchunquan (Wing Chun),D
LOW Shun Quan Benette,SGP,9.02,1ST Prize,M,Other Nanquan Routines,D
NGAN Lok Man,HKG,9.01,1ST Prize,M,Other Nanquan Routines,D
CARELLA Nelso Cesar,ARG,8.92,1ST Prize,M,Other Nanquan Routines,D
KAMA Muhammet Can,TUR,8.88,2ND Prize,M,Other Nanquan Routines,D
FESCHENKO Daniil,UKR,8.84,2ND Prize,M,Other Nanquan Routines,D
PHAM Nguyen Hoang Phuc,VNM,8.8,2ND Prize,M,Other Nanquan Routines,D
KROETZ Benjamin Fritz Ludwig,DEU,8.79,2ND Prize,M,Other Nanquan Routines,D
BILUT Tomasz,POL,8.79,2ND Prize,M,Other Nanquan Routines,D
MAMEDOVI Rauli,GEO,8.77,3RD Prize,M,Other Nanquan Routines,D
IOANA Mihai,ROU,8.77,3RD Prize,M,Other Nanquan Routines,D
HASIEGANU Victor,ROU,8.74,3RD Prize,M,Other Nanquan Routines,D
BORGES COUTINHO GALLO Iuri,BRA,8.7,3RD Prize,M,Other Nanquan Routines,D
CHENG Kei Win,SGP,8.7,3RD Prize,M,Other Nanquan Routines,D
KAZUO GONÇALVES MIYASAKA KauăN,BRA,8.68,3RD Prize,M,Other Nanquan Routines,D
SANCHEZ ROCHA Hugo Aurelio,MEX,8.68,3RD Prize,M,Other Nanquan Routines,D
Cam'Ron Yiu Fung TSANG,GBR,8.67,3RD Prize,M,Other Nanquan Routines,D
NURMATOV Sherzod,TJK,8.65,,M,Other Nanquan Routines,D
SIRTO Alessandro,ITA,8.63,,M,Other Nanquan Routines,D
LAMPADAS Konstantinos,GRC,8.62,,M,Other Nanquan Routines,D
JALI Khayelihle Goodenough,ZAF,8.6,,M,Other Nanquan Routines,D
KEYS Aaron Jamaal,USA,8.6,,M,Other Nanquan Routines,D
ABDULLO-ZODA Fayzullo,TJK,8.57,,M,Other Nanquan Routines,D
VALIEV Ilyoskhon,TJK,8.55,,M,Other Nanquan Routines,D
CHOI Alexander Martin,USA,8.54,,M,Other Nanquan Routines,D
PHAN Van Anh Hao,VNM,7.77,,M,Other Nanquan Routines,D
Thierno DIBA,SEN,(DNS),,M,Other Nanquan Routines,D
SIRTO Elisabetta,ITA,(DNS),,M,Other Nanquan Routines,D
MOHAMMAD SHUAIB Ayubi,AFG,(DNS),,M,Other Nanquan Routines,D
MOHAMMED Mugahed Mohammed Hussein,YEM,(DNS),,M,Other Nanquan Routines,D
SAREER KHAN Zadran,AFG,(DNS),,M,Other Nanquan Routines,D
LWZA Bassam Ahmed Ali Rezq,YEM,(DNS),,M,Other Nanquan Routines,D
ARAB Nadir,DZA,(DNS),,M,Other Nanquan Routines,D
AVAGYAN Artashes,ARM,8.81,1ST Prize,M,Hongjiaquan (Hung Gar),E
ANG Boon Seng Royce,SGP,8.76,2ND Prize,M,Hongjiaquan (Hung Gar),E
DIMANFA BONGIANNI Marcos,BRA,8.62,3RD Prize,M,Hongjiaquan (Hung Gar),E
LEUTZ Richard,BRA,8.61,3RD Prize,M,Hongjiaquan (Hung Gar),E
CARRETERO MEDIAVILLA Jose,ESP,8.56,,M,Hongjiaquan (Hung Gar),E
CHEUNG Wing Kit,HKG,8.55,,M,Hongjiaquan (Hung Gar),E
SIRTO Edoardo Francesco Maria,ITA,8.7,1ST Prize,M,Other Nanquan Routines,E
TAVARES DE ALMEIDA Sergio,PRT,8.69,2ND Prize,M,Other Nanquan Routines,E
OLIVEIRA SANTOS Italo Jorge,BRA,8.67,2ND Prize,M,Other Nanquan Routines,E
LAMPADAS Theodoros,GRC,8.66,3RD Prize,M,Other Nanquan Routines,E
ZERVAS Chrisovalantis,GRC,8.65,3RD Prize,M,Other Nanquan Routines,E
ALMEIDA DA SILVA Evandro,BRA,8.63,,M,Other Nanquan Routines,E
MAKRIS Athanasios,GRC,8.61,,M,Other Nanquan Routines,E
PAPACHARALAMPOUS Vasileios,GRC,8.58,,M,Other Nanquan Routines,E
Boubacar SAMBOU,SEN,(DNS),,M,Other Nanquan Routines,E
CHEN Zhigang,CHN,8.89,1ST Prize,M,Shaolinquan,E
OCHI Kenta,JPN,8.84,2ND Prize,M,Shaolinquan,E
PUZIS Rami,ISR,8.82,2ND Prize,M,Shaolinquan,E
PANAGOPOULOS Christos,GRC,8.71,2ND Prize,M,Shaolinquan,E
HERCZEG Andras,HUN,8.71,3RD Prize,M,Shaolinquan,E
FUKUNISHI Tadashi,JPN,8.66,3RD Prize,M,Shaolinquan,E
NG Chester Tse King,USA,8.64,3RD Prize,M,Shaolinquan,E
SMOOK Christiaan Harold,ZAF,8.61,3RD Prize,M,Shaolinquan,E
HUANACUNI MAMANI Fernando,BOL,8.61,,M,Shaolinquan,E
KRIGGER DOS SANTOS Rodrigo,BRA,8.6,,M,Shaolinquan,E
HAMLI Othmane,TUN,8.55,,M,Shaolinquan,E
IOANA Florin,ROU,8.55,,M,Shaolinquan,E
JACOBS Bernard Paul,ZAF,8.54,,M,Shaolinquan,E
Mamadou FALL,SEN,(DNS),,M,Shaolinquan,E
BEIBALAYEV Artyom,KAZ,(DNS),,M,Shaolinquan,E
MINORU TANOSHI SéRgio,BRA,8.75,1ST Prize,M,Xingyiquan,E
RAJA CATALA Vicente,ESP,8.73,2ND Prize,M,Xingyiquan,E
TIAN Hongwei,CHN,8.72,3RD Prize,M,Xingyiquan,E
CHUCHOLOWSKI Frederic Emanuel,DEU,8.66,3RD Prize,M,Xingyiquan,E
FERNANDO Punchividanelage Mahesh Deepal,LKA,8.58,,M,Xingyiquan,E
VAN DER MESCHT Thor,ZAF,8.52,,M,Xingyiquan,E
JING Xuecai,CHN,8.91,1ST Prize,M,Other Barehand Routines,E
ZHENG Wu,CHN,8.87,1ST Prize,M,Other Barehand Routines,E
ALKELANY Farouk Alkelany,EGY,8.74,2ND Prize,M,Other Barehand Routines,E
COLACO DAVID Daniel Goncalo,PRT,8.73,2ND Prize,M,Other Barehand Routines,E
MORALES GARCIA Jose Luis,ESP,8.7,2ND Prize,M,Other Barehand Routines,E
ROMERO Hrod,FRA,8.69,3RD Prize,M,Other Barehand Routines,E
ESCALANTE PEINADO Ivan Alberto,MEX,8.68,3RD Prize,M,Other Barehand Routines,E
RODRIGUES DOS REIS Pedro Henrique,BRA,8.68,3RD Prize,M,Other Barehand Routines,E
JIA Meng,CHN,8.68,3RD Prize,M,Other Barehand Routines,E
MAK Sherman Shu Hang,AUS,8.68,3RD Prize,M,Other Barehand Routines,E
MARTINS GONCALVES Marco Antonio,PRT,8.67,,M,Other Barehand Routines,E
LICHACZ Roman Andrzej,POL,8.66,,M,Other Barehand Routines,E
GALLARDO GONZALO Ivan,ESP,8.65,,M,Other Barehand Routines,E
OIE Hidetaro,JPN,8.57,,M,Other Barehand Routines,E
CHOO Hing How,MYS,8.57,,M,Other Barehand Routines,E
CHIATOVICH Aaron Joshua,USA,8.5,,M,Other Barehand Routines,E
LORENSU HEWAGE Nuwan Sanjeewa,LKA,(DNS),,M,Other Barehand Routines,E
CHEN Zhigang,CHN,(DNS),,M,Other Barehand Routines,E
ZHAO Chuanhui,CHN,8.84,1ST Prize,M,Other Barehand Routines,F
OTAKA Kazuhiko,JPN,8.7,2ND Prize,M,Other Barehand Routines,F
KWAN Siew Hung,SGP,8.7,3RD Prize,M,Other Barehand Routines,F
CHEN Zuobin,CHN,8.66,3RD Prize,M,Other Barehand Routines,F
DA ROSA Carlos Alberto,BRA,8.62,,M,Other Barehand Routines,F
HACKNER Allan Jonathan,ZAF,8.61,,M,Other Barehand Routines,F
LOPATKIN Evgenii,KGZ,8.6,,M,Other Barehand Routines,F
SEMAEV Oleg,KGZ,(DNS),,M,Other Barehand Routines,F
WRINN Benjamin Charles,USA,8.69,1ST Prize,M,Nandao (Southern Broadsword),C
PETRAKOVSKIY Denis,KAZ,8.68,2ND Prize,M,Nandao (Southern Broadsword),C
KUCUKAKYUZ Kaan,TUR,8.66,3RD Prize,M,Nandao (Southern Broadsword),C
SILVA VERA Miguel,ESP,8.6,,M,Nandao (Southern Broadsword),C
BAZZARA Mario Faris,ITA,8.57,,M,Nandao (Southern Broadsword),C
ABDALLA WAEL Mostafa Abdelkarim,EGY,8.49,,M,Nandao (Southern Broadsword),C
XIAN Daniel Haocheng,USA,8.73,1ST Prize,M,Pudao,C
ANTILLON MALDONADO Cristian Ricardo,MEX,8.69,2ND Prize,M,Pudao,C
MAKRIS Panagiotis,GRC,8.67,3RD Prize,M,Pudao,C
ONIANI Giorgi,GEO,8.65,3RD Prize,M,Pudao,C
BREZETOS Georgios,GRC,8.65,,M,Pudao,C
BOJORQUEZ LOPEZ Roger,MEX,8.62,,M,Pudao,C
ADAM AYMAN Morsi Aboelabbas,EGY,8.79,1ST Prize,M,Other Single weapon Routines,C
WANG Bryant Xu,USA,8.75,1ST Prize,M,Other Single weapon Routines,C
HO Ching Hin,HKG,8.75,2ND Prize,M,Other Single weapon Routines,C
VON DEM BRUCH Noah James,USA,8.71,2ND Prize,M,Other Single weapon Routines,C
FARR Preston Minghan,USA,8.71,2ND Prize,M,Other Single weapon Routines,C
SHEN Justin,USA,8.7,2ND Prize,M,Other Single weapon Routines,C
DJUNAIDY Dexton Jax,USA,8.7,3RD Prize,M,Other Single weapon Routines,C
PRADO DE MELO Jorge Augusto,BRA,8.63,3RD Prize,M,Other Single weapon Routines,C
TURCHIAROLO Gaetano Attilio,ITA,8.63,3RD Prize,M,Other Single weapon Routines,C
ZIAD AHMED Samy Mohamed,EGY,8.63,3RD Prize,M,Other Single weapon Routines,C
TELESSINOV Arman,KAZ,8.62,3RD Prize,M,Other Single weapon Routines,C
CHEONG Io Kei,MAC,8.61,,M,Other Single weapon Routines,C
CHEN Zheyu,USA,8.61,,M,Other Single weapon Routines,C
MAHMOUD AHMED Abdalla Abdelhalim,EGY,8.6,,M,Other Single weapon Routines,C
WITHANAGE Oshan Chalakshana,LKA,8.58,,M,Other Single weapon Routines,C
MIU Andrei Eduard,ROU,8.57,,M,Other Single weapon Routines,C
KAMPS Darius,DEU,8.55,,M,Other Single weapon Routines,C
SEMYESHKIN Konstantin,LVA,8.54,,M,Other Single weapon Routines,C
BENSADOUNE Haithem,DZA,(DNS),,M,Other Single weapon Routines,C
YANG Josepha,FRA,9.11,1ST Prize,W,Baguazhang,D
DISARO Chantal,DEU,8.96,2ND Prize,W,Baguazhang,D
ABIS Sonia,ITA,8.89,2ND Prize,W,Baguazhang,D
KRON Yoni Shan Marina,DEU,8.89,3RD Prize,W,Baguazhang,D
AKYUZ Zeynep Makbule,TUR,8.87,3RD Prize,W,Baguazhang,D
MEDRANO MENDOZA Yessenia Arizbeth,MEX,8.82,3RD Prize,W,Baguazhang,D
KOKUMBEK KYZY Eles,KGZ,8.72,,W,Baguazhang,D
DE LA ROSA LIRA Grace Guadalupe,MEX,8.66,,W,Baguazhang,D
HEMLI Sirine,TUN,8.65,,W,Baguazhang,D
FRANCO Luna Magdalena,USA,8.65,,W,Baguazhang,D
ZHANG Xue,CHN,9.07,1ST Prize,W,Bajiquan,D
YEUNG Michelle,HKG,8.96,2ND Prize,W,Bajiquan,D
KRYSKO Alina,UKR,8.87,3RD Prize,W,Bajiquan,D
LIRA ACOSTA Andrea Sulim,MEX,8.85,3RD Prize,W,Bajiquan,D
ACOSTA ORTEGA Yuliana Sarahi,MEX,8.7,,W,Bajiquan,D
Patricia FERNANDES LULIA JACOB,GBR,8.65,,W,Bajiquan,D
ZHU Ieng Ieng,MAC,8,,W,Bajiquan,D
AKYUZ Elif,TUR,8.82,2ND Prize,W,Chaquan,D
HATALOVÁ Hanka,SVK,8.51,3RD Prize,W,Chaquan,D
ONDROVI?OVÁ Lenka,SVK,8.45,,W,Chaquan,D
HENEGAMA MILLAGASANGE GEDARA Thiyangi Dimalsha Weerasinghe,LKA,8.34,,W,Chaquan,D
AIT ZERROUK Melissa,DZA,(DNS),,W,Chaquan,D
OKUN Carmel,ISR,8.87,1ST Prize,W,Shaolinquan,D
VIZI Enik?,HUN,8.83,1ST Prize,W,Shaolinquan,D
PISANI Teresa Aida,ITA,8.82,2ND Prize,W,Shaolinquan,D
YIM Wing Tung,HKG,8.82,2ND Prize,W,Shaolinquan,D
KUSPANOVA Dayana,KAZ,8.78,2ND Prize,W,Shaolinquan,D
TARTUFOLI Alessia,ITA,8.74,2ND Prize,W,Shaolinquan,D
KOKOLESI Elena,GRC,8.69,3RD Prize,W,Shaolinquan,D
HORVÁTH Dora Timea,HUN,8.61,3RD Prize,W,Shaolinquan,D
PANECATL URQUIZA Karen Priscila,MEX,8.6,3RD Prize,W,Shaolinquan,D
GUEVARA PINEDO Wara Lucero,BOL,8.58,3RD Prize,W,Shaolinquan,D
KUN Enik?,HUN,8.57,3RD Prize,W,Shaolinquan,D
ALENCAR RIBEIRO Regina Helena,BRA,8.53,3RD Prize,W,Shaolinquan,D
Myrsini Chionia CHRISTODOULELLI,GBR,8.52,,W,Shaolinquan,D
VATZAKA Maria Eleni,GRC,8.49,,W,Shaolinquan,D
WESTERMAN Megan Ruth,USA,8.49,,W,Shaolinquan,D
PATTARO DE MENDONÇA Solange,BRA,8.47,,W,Shaolinquan,D
JACOBS Bianca Candice,ZAF,8.45,,W,Shaolinquan,D
TREJO ROMAN Liliana,MEX,8.38,,W,Shaolinquan,D
BAHODUROVA Firuzakhon,TJK,8,,W,Shaolinquan,D
JACOBS Shannon Stephanie,ZAF,(DNS),,W,Shaolinquan,D
DUAN Yuan,CHN,9.25,1ST Prize,W,Other Barehand Routines,D
CHIRILIUC Anastasia,ISR,9.15,1ST Prize,W,Other Barehand Routines,D
CHEN Yu,CHN,9.12,1ST Prize,W,Other Barehand Routines,D
Chong Yaru,CHN,9.1,2ND Prize,W,Other Barehand Routines,D
DAI Weilong,CHN,9.02,2ND Prize,W,Other Barehand Routines,D
ZHOU Lin,CHN,9,2ND Prize,W,Other Barehand Routines,D
WONG Amy Ka-Lai,USA,8.89,2ND Prize,W,Other Barehand Routines,D
POLTORATSKA Yana,UKR,8.88,2ND Prize,W,Other Barehand Routines,D
MOVSHOVICH Shelly,ISR,8.86,3RD Prize,W,Other Barehand Routines,D
DOS SANTOS DE ARAÚJO Raquel,BRA,8.84,3RD Prize,W,Other Barehand Routines,D
NASCIMENTO CELESTINO GUERREIRO Suelen Cristina,BRA,8.83,3RD Prize,W,Other Barehand Routines,D
LI Jinsong,CHN,8.83,3RD Prize,W,Other Barehand Routines,D
SIMON Viktoria,HUN,8.77,3RD Prize,W,Other Barehand Routines,D
JASMINE TAY Jing Xuan,MYS,8.75,3RD Prize,W,Other Barehand Routines,D
MALAHOVA Polina,LVA,8.74,3RD Prize,W,Other Barehand Routines,D
TASHMATOVA Aisalkyn,KGZ,8.6,3RD Prize,W,Other Barehand Routines,D
GRAÇA OLIVEIRA CATARINO GONÇALVES Carolina Maria,PRT,8.5,,W,Other Barehand Routines,D
DU PLESSIS Nerine,ZAF,8.46,,W,Other Barehand Routines,D
NGUYEN Thi Thao Nguyen,VNM,8.43,,W,Other Barehand Routines,D
JACOBS Shannon Stephanie,ZAF,8.42,,W,Other Barehand Routines,D
GORDON Ayla Nunnehi,USA,8.32,,W,Other Barehand Routines,D
Ashleigh Nicola Jade WYKES,GBR,8.32,,W,Other Barehand Routines,D
DAUNDASEKARA MUDIYANSELAGE Sachari Lanka,LKA,8.29,,W,Other Barehand Routines,D
OBEANU Mara Georgia Alina,ROU,8.22,,W,Other Barehand Routines,D
VALAGKOUTI Iro Athina,GRC,8.02,,W,Other Barehand Routines,D
AMADE GONCALVES Cheila,PRT,7.82,,W,Other Barehand Routines,D
LE Gia Han,VNM,(DNS),,W,Other Barehand Routines,D
KEN Rui Xin,SGP,(DNS),,W,Other Barehand Routines,D
YAZYKOVA Maryna,UKR,(DNS),,W,Other Barehand Routines,D
HAN Junxia,CHN,8.85,1ST Prize,W,Other Barehand Routines,E/F
Michele Maki NAKASONE,GBR,8.79,1ST Prize,W,Other Barehand Routines,E/F
AMIDANI SOARES DE AZEVEDO Paula,BRA,8.76,1ST Prize,W,Other Barehand Routines,E/F
HUANG Yi,CHN,8.7,1ST Prize,W,Other Barehand Routines,E/F
ENGEL Beata,POL,8.66,2ND Prize,W,Other Barehand Routines,E/F
ROMERO Sabine,FRA,8.62,2ND Prize,W,Other Barehand Routines,E/F
KOKKINAKI Anna,GRC,8.61,2ND Prize,W,Other Barehand Routines,E/F
MATOS COSTA Mafalda,PRT,8.6,2ND Prize,W,Other Barehand Routines,E/F
ARUTYUNJAN Maria,HUN,8.6,3RD Prize,W,Other Barehand Routines,E/F
GAO Lin,USA,8.59,3RD Prize,W,Other Barehand Routines,E/F
MAK Angela Jia Li,AUS,8.57,3RD Prize,W,Other Barehand Routines,E/F
RAMOS CANDEIAS Irene Regina,PRT,8.5,3RD Prize,W,Other Barehand Routines,E/F
SERIAKOVA Liubov,KGZ,8.48,3RD Prize,W,Other Barehand Routines,E/F
ROVIRA-ALVAREZ Carmen Margarita,USA,8.47,3RD Prize,W,Other Barehand Routines,E/F
PAK Tatiana,KGZ,8.45,,W,Other Barehand Routines,E/F
KONSTANTINOU Maria,GRC,8.41,,W,Other Barehand Routines,E/F
NESHCHERET Natalia,KGZ,8.4,,W,Other Barehand Routines,E/F
KAZAKOVA Elena,LVA,8.35,,W,Other Barehand Routines,E/F
PAPADOPOULOU Elisavet,GRC,8.3,,W,Other Barehand Routines,E/F
HERMANS Rosemary,AUS,8.27,,W,Other Barehand Routines,E/F
TRAN CONG Francine,FRA,(DNS),,W,Other Barehand Routines,E/F
ROMANO CARDOSO SILVESTRE Nina,BRA,(DNS),,W,Other Barehand Routines,E/F
MUKHAMETOV Alizhan,KAZ,8.9,1ST Prize,M,Dao (Broadsword),C
GERMANOZASHVILI Giorgi,GEO,8.71,1ST Prize,M,Dao (Broadsword),C
DE OLIVEIRA PICONE Arthur,BRA,8.7,2ND Prize,M,Dao (Broadsword),C
IFARGAN Yuval,ISR,8.68,2ND Prize,M,Dao (Broadsword),C
BOROOAH Arhaan,IND,8.66,2ND Prize,M,Dao (Broadsword),C
GALVANINE WILLE Heitor,BRA,8.65,3RD Prize,M,Dao (Broadsword),C
HUSAK Lukas,CZE,8.63,3RD Prize,M,Dao (Broadsword),C
RIVAS RODRIGUEZ Humberto,MEX,8.62,3RD Prize,M,Dao (Broadsword),C
TULEYEV Aldiyar,KAZ,8.59,3RD Prize,M,Dao (Broadsword),C
TASOPOULOS Ioannis,GRC,8.54,3RD Prize,M,Dao (Broadsword),C
KREMMYDAS Panagiotis,GRC,8.5,,M,Dao (Broadsword),C
DAYARATHNE Thalagahamula Gedara Kavindu Sahan,LKA,8.5,,M,Dao (Broadsword),C
PUZIS Kiril,ISR,8.45,,M,Dao (Broadsword),C
PAPATHANASIOU Theodoros Marios,GRC,8.44,,M,Dao (Broadsword),C
BERRY Jake Anthony,ZAF,8.17,,M,Dao (Broadsword),C
CHEN Charlie Samuel,USA,8.13,,M,Dao (Broadsword),C
ADHIKARI MUDIYANSELAGE Keshan Adhikari,LKA,8.13,,M,Dao (Broadsword),C
MALEYEV Kirill,KAZ,9.05,1ST Prize,M,Gun (Cudgel/Sta?),C
KOUPSTAS Iliya,ISR,8.9,1ST Prize,M,Gun (Cudgel/Sta?),C
YOUSSEF OSAMA Abdelhalim Elsaeed,EGY,8.89,1ST Prize,M,Gun (Cudgel/Sta?),C
SRNEC Dominik Ramil,SVK,8.87,2ND Prize,M,Gun (Cudgel/Sta?),C
KORENC Karel,CZE,8.82,2ND Prize,M,Gun (Cudgel/Sta?),C
BRAYTON Marshall Tsan-Wei,USA,8.81,2ND Prize,M,Gun (Cudgel/Sta?),C
BROUSALIS Panagiotis,GRC,8.8,2ND Prize,M,Gun (Cudgel/Sta?),C
AMMAR MOHAMED Ibrahim Ismail,EGY,8.79,2ND Prize,M,Gun (Cudgel/Sta?),C
MARCHESI Giorgio,ITA,8.75,3RD Prize,M,Gun (Cudgel/Sta?),C
SPIRO Oliver Sheldon,USA,8.72,3RD Prize,M,Gun (Cudgel/Sta?),C
EDILASHVILI Saba,GEO,8.7,3RD Prize,M,Gun (Cudgel/Sta?),C
BAI Jiwei,CAN,8.63,3RD Prize,M,Gun (Cudgel/Sta?),C
EL MABROUK Rafed,TUN,8.62,3RD Prize,M,Gun (Cudgel/Sta?),C
MOHAMED ELAGAMI Abdalla Rashad,EGY,8.62,3RD Prize,M,Gun (Cudgel/Sta?),C
DA GAMA BARJA David,PRT,8.58,3RD Prize,M,Gun (Cudgel/Sta?),C
MENEZ ALARCON Arhat,MEX,8.5,3RD Prize,M,Gun (Cudgel/Sta?),C
ZHANG Jayden Tianyi,CAN,8.5,,M,Gun (Cudgel/Sta?),C
DE CIMA FERNANDES Edgar,PRT,8.47,,M,Gun (Cudgel/Sta?),C
NUTSUBIDZE Nikolozi,GEO,8.43,,M,Gun (Cudgel/Sta?),C
NEDELEA Andrei Mario,ROU,8.42,,M,Gun (Cudgel/Sta?),C
SOTHERN Rhyse Kegan,ZAF,8.42,,M,Gun (Cudgel/Sta?),C
TRAIZE Miron,KAZ,8.36,,M,Gun (Cudgel/Sta?),C
RAINERS Andzans,LVA,8.26,,M,Gun (Cudgel/Sta?),C
GUNATUNGA Sapukotanage Maneetha Charanaravinda,LKA,8.2,,M,Gun (Cudgel/Sta?),C
MGQIBISA Luvuyolwethu Sphesihle,ZAF,8.02,,M,Gun (Cudgel/Sta?),C
MALAK MOHAMED Omar Montasser,EGY,(DNS),,M,Gun (Cudgel/Sta?),C
MUSTAFIN Nurlan,KAZ,8.8,1ST Prize,M,Jian (Straight Sword),C
WAIBLINGER Adrian Hou,USA,8.79,2ND Prize,M,Jian (Straight Sword),C
LIU Dominik Xinyang,GBR,8.75,3RD Prize,M,Jian (Straight Sword),C
MARCEL Gavin Julian,USA,8.66,3RD Prize,M,Jian (Straight Sword),C
PUZIS Timur,ISR,8.65,,M,Jian (Straight Sword),C
ROMANO CARDOSO SILVESTRE Nina,BRA,8.72,,W,Other Nanquan Routines,E
ROMERO Sabine,FRA,(DNS),,W,Other Nanquan Routines,E
HERMANS Rosemary,AUS,(DNS),,W,Other Nanquan Routines,E
KOKKINAKI Anna,GRC,(DNS),,W,Other Nanquan Routines,E
MATOS COSTA Mafalda,PRT,(DNS),,W,Other Nanquan Routines,E
ROVIRA-ALVAREZ Carmen Margarita,USA,(DNS),,W,Other Nanquan Routines,E
ZWAAL Jan Joris,NLD,8.46,1ST Prize,M,Shaolinquan,B
FRENKEL David,ISR,8.43,2ND Prize,M,Shaolinquan,B
HUANACUNI PINEDO Huaskar Soriam,BOL,8.41,3RD Prize,M,Shaolinquan,B
MOHAMED IBRAHIM Mohamed Mokhtar,EGY,8.4,,M,Shaolinquan,B
LEON RAZNATOVIC Darko Alejandro,BOL,(DNS),,M,Shaolinquan,B
DONG Dennis Bokui,USA,8.57,1ST Prize,M,Other Barehand Routines,A/B
CHAN Fengze,MAC,8.51,1ST Prize,M,Other Barehand Routines,A/B
HE Dragon,USA,8.5,2ND Prize,M,Other Barehand Routines,A/B
WENG Linxu,SGP,8.49,2ND Prize,M,Other Barehand Routines,A/B
YAP Jun Kai,MYS,8.48,3RD Prize,M,Other Barehand Routines,A/B
CHIN Shawn,MYS,8.46,3RD Prize,M,Other Barehand Routines,A/B
TAN Qi Han Darren,SGP,8.43,3RD Prize,M,Other Barehand Routines,A/B
ZHANG Jason,USA,8.43,3RD Prize,M,Other Barehand Routines,A/B
WANG Allan Chenxi,USA,8.41,,M,Other Barehand Routines,A/B
ZHOU Zichin,AUS,8.4,,M,Other Barehand Routines,A/B
RAZO ACOSTA Jose Luis,MEX,8.37,,M,Other Barehand Routines,A/B
TORRES RODRIGUEZ Mario Rafael,MEX,8.35,,M,Other Barehand Routines,A/B
DIMEGLIO Charlene Jasmine,USA,(DNS),,M,Other Barehand Routines,A/B
KUCUKAKYUZ Kaan,TUR,8.61,1ST Prize,M,Other Nanquan Routines,C
DE OLIVEIRA PICONE Arthur,BRA,8.6,1ST Prize,M,Other Nanquan Routines,C
KOVALOV Mykyta,UKR,8.59,1ST Prize,M,Other Nanquan Routines,C
SILVA VERA Miguel,ESP,8.59,2ND Prize,M,Other Nanquan Routines,C
PRADO DE MELO Jorge Augusto,BRA,8.57,2ND Prize,M,Other Nanquan Routines,C
WRINN Benjamin Charles,USA,8.57,2ND Prize,M,Other Nanquan Routines,C
TELESSINOV Arman,KAZ,8.56,2ND Prize,M,Other Nanquan Routines,C
CHEN Zheyu,USA,8.56,3RD Prize,M,Other Nanquan Routines,C
TOUROUTSIKAS Panagiotis,GRC,8.55,3RD Prize,M,Other Nanquan Routines,C
BROUSALIS Panagiotis,GRC,8.54,3RD Prize,M,Other Nanquan Routines,C
ONIANI Giorgi,GEO,8.54,3RD Prize,M,Other Nanquan Routines,C
VIRO Lazuardi Jana,IDN,8.53,3RD Prize,M,Other Nanquan Routines,C
DERZKO Franciszek Jan,POL,8.53,3RD Prize,M,Other Nanquan Routines,C
CHEONG Io Kei,MAC,8.53,3RD Prize,M,Other Nanquan Routines,C
MAKRIS Panagiotis,GRC,8.52,3RD Prize,M,Other Nanquan Routines,C
BAZZARA Mario Faris,ITA,8.52,,M,Other Nanquan Routines,C
HUSAK Lukas,CZE,8.51,,M,Other Nanquan Routines,C
MIU Andrei Eduard,ROU,8.51,,M,Other Nanquan Routines,C
TURCHIAROLO Gaetano Attilio,ITA,8.51,,M,Other Nanquan Routines,C
PAPATHANASIOU Theodoros Marios,GRC,8.5,,M,Other Nanquan Routines,C
KREMMYDAS Panagiotis,GRC,8.48,,M,Other Nanquan Routines,C
WITHANAGE Oshan Chalakshana,LKA,8.46,,M,Other Nanquan Routines,C
MENEZ ALARCON Arhat,MEX,8.45,,M,Other Nanquan Routines,C
DINCU Mihai Daniel,ROU,8.44,,M,Other Nanquan Routines,C
BENSADOUNE Haithem,DZA,(DNS),,M,Other Nanquan Routines,C
ALVAREZ RUIZ Mario Alejandro,MEX,8.58,1ST Prize,M,Yingzhaoquan (Eagle Style),C
NAIDA Bohdan,UKR,8.55,2ND Prize,M,Yingzhaoquan (Eagle Style),C
RAINERS Andzans,LVA,8.52,3RD Prize,M,Yingzhaoquan (Eagle Style),C
BOJORQUEZ LOPEZ Roger,MEX,8.51,3RD Prize,M,Yingzhaoquan (Eagle Style),C
RIVAS RODRIGUEZ Humberto,MEX,8.5,,M,Yingzhaoquan (Eagle Style),C
KUCHERUK Nikita,UKR,(DNS),,M,Yingzhaoquan (Eagle Style),C
Jack William CALDICOTT,GBR,8.66,1ST Prize,M,Bajiquan,C
YEUNG Cheuk Yin,HKG,8.62,2ND Prize,M,Bajiquan,C
JULLIAN Banyan Noel Yu Hai,USA,8.54,3RD Prize,M,Bajiquan,C
BRAYTON Marshall Tsan-Wei,USA,8.52,3RD Prize,M,Bajiquan,C
ANTILLON MALDONADO Cristian Ricardo,MEX,8.48,,M,Bajiquan,C
ABDALLA WAEL Mostafa Abdelkarim,EGY,8.41,,M,Bajiquan,C
MALAK MOHAMED Omar Montasser,EGY,(DNS),,M,Bajiquan,C
BOUKHENNOUFA Yacine,DZA,(DNS),,M,Bajiquan,C
AMMAR MOHAMED Ibrahim Ismail,EGY,8.64,1ST Prize,M,Chaquan,C
Junayde Ilhan GUVEN,GBR,8.6,1ST Prize,M,Chaquan,C
GERMANOZASHVILI Giorgi,GEO,8.58,2ND Prize,M,Chaquan,C
XIAN Daniel Haocheng,USA,8.56,2ND Prize,M,Chaquan,C
CHOW Yu Hong,HKG,8.56,2ND Prize,M,Chaquan,C
NUTSUBIDZE Nikolozi,GEO,8.54,3RD Prize,M,Chaquan,C
LIU Dominik Xinyang,GBR,8.53,3RD Prize,M,Chaquan,C
MALEYEV Kirill,KAZ,8.52,3RD Prize,M,Chaquan,C
WANG Bryant Xu,USA,8.52,3RD Prize,M,Chaquan,C
TULEYEV Aldiyar,KAZ,8.5,3RD Prize,M,Chaquan,C
PUZIS Timur,ISR,8.49,,M,Chaquan,C
DAYARATHNE Thalagahamula Gedara Kavindu Sahan,LKA,8.48,,M,Chaquan,C
LU Kelvin Yu,USA,8.45,,M,Chaquan,C
GUNATUNGA Sapukotanage Maneetha Charanaravinda,LKA,8.45,,M,Chaquan,C
BAI Lawren,USA,8.45,,M,Chaquan,C
ADHIKARI MUDIYANSELAGE Keshan Adhikari,LKA,8.38,,M,Chaquan,C
LEI Wang Chun,HKG,8.63,1ST Prize,M,Huaquan,C
EDILASHVILI Saba,GEO,8.6,2ND Prize,M,Huaquan,C
LI Jasper Zhen Bao,USA,8.56,3RD Prize,M,Huaquan,C
BAI Jiwei,CAN,8.53,3RD Prize,M,Huaquan,C
MUSTAFIN Nurlan,KAZ,8.49,,M,Huaquan,C
CHEOK Wa Weng,MAC,8.48,,M,Huaquan,C
MARCHESI Giorgio,ITA,8.61,1ST Prize,M,Shaolinquan,C
MUKHAMETOV Alizhan,KAZ,8.6,1ST Prize,M,Shaolinquan,C
KORENC Karel,CZE,8.57,2ND Prize,M,Shaolinquan,C
KOUPSTAS Iliya,ISR,8.56,2ND Prize,M,Shaolinquan,C
OMAR EMAD Shehata Tony,EGY,8.55,2ND Prize,M,Shaolinquan,C
CHEN Charlie Samuel,USA,8.53,3RD Prize,M,Shaolinquan,C
IFARGAN Yuval,ISR,8.52,3RD Prize,M,Shaolinquan,C
YOUSSEF OSAMA Abdelhalim Elsaeed,EGY,8.51,3RD Prize,M,Shaolinquan,C
Matthew Carleton WRIGHT,GBR,8.51,3RD Prize,M,Shaolinquan,C
EL MABROUK Rafed,TUN,8.5,3RD Prize,M,Shaolinquan,C
BREZETOS Georgios,GRC,8.5,,M,Shaolinquan,C
YOSHIDA Yuhi,JPN,8.5,,M,Shaolinquan,C
MOHAMED ELAGAMI Abdalla Rashad,EGY,8.49,,M,Shaolinquan,C
PUZIS Kiril,ISR,8.42,,M,Shaolinquan,C
MENDEZ COBA Jose Fernando,MEX,8.4,,M,Shaolinquan,C
TRAIZE Miron,KAZ,8.39,,M,Shaolinquan,C
DONG Lucas Bogang,USA,8.61,1ST Prize,M,Xingyiquan,C
HO Ching Hin,HKG,8.6,2ND Prize,M,Xingyiquan,C
BOROOAH Arhaan,IND,8.58,3RD Prize,M,Xingyiquan,C
ZHENG Lin,USA,8.57,3RD Prize,M,Xingyiquan,C
IMI ARACHILLAGE Anuhas Chandupa Ranaweera,LKA,8.4,,M,Xingyiquan,C
MGQIBISA Luvuyolwethu Sphesihle,ZAF,8.32,,M,Xingyiquan,C
WU Brad Tianzhou,USA,(DNS),,M,Xingyiquan,C
WANG Justin Xuming,USA,8.64,1ST Prize,M,Other Barehand Routines,C
SHEN Justin,USA,8.6,1ST Prize,M,Other Barehand Routines,C
SHYNKARENKO Volodymyr,UKR,8.58,1ST Prize,M,Other Barehand Routines,C
LIU Albert,USA,8.54,2ND Prize,M,Other Barehand Routines,C
DJUNAIDY Dexton Jax,USA,8.54,2ND Prize,M,Other Barehand Routines,C
GALVANINE WILLE Heitor,BRA,8.53,2ND Prize,M,Other Barehand Routines,C
SPIRO Oliver Sheldon,USA,8.53,2ND Prize,M,Other Barehand Routines,C
LEW Casey Tianyu,USA,8.53,2ND Prize,M,Other Barehand Routines,C
VON DEM BRUCH Noah James,USA,8.52,2ND Prize,M,Other Barehand Routines,C
PETRAKOVSKIY Denis,KAZ,8.52,3RD Prize,M,Other Barehand Routines,C
ZHADIGER Alkarim,KAZ,8.52,3RD Prize,M,Other Barehand Routines,C
WAIBLINGER Adrian Hou,USA,8.52,3RD Prize,M,Other Barehand Routines,C
HUANG Daniel Jiang,USA,8.5,3RD Prize,M,Other Barehand Routines,C
BERRY Jake Anthony,ZAF,8.5,3RD Prize,M,Other Barehand Routines,C
MARCEL Gavin Julian,USA,8.49,3RD Prize,M,Other Barehand Routines,C
FARR Preston Minghan,USA,8.48,3RD Prize,M,Other Barehand Routines,C
ZHANG Jayden Tianyi,CAN,8.48,3RD Prize,M,Other Barehand Routines,C
MAHMOUD AHMED Abdalla Abdelhalim,EGY,8.48,,M,Other Barehand Routines,C
SRNEC Dominik Ramil,SVK,8.47,,M,Other Barehand Routines,C
DA GAMA BARJA David,PRT,8.47,,M,Other Barehand Routines,C
DE CIMA FERNANDES Edgar,PRT,8.46,,M,Other Barehand Routines,C
LEUNG Wai Man,HKG,8.46,,M,Other Barehand Routines,C
SEMYESHKIN Konstantin,LVA,8.45,,M,Other Barehand Routines,C
HUANG Samuel Jiang,USA,8.45,,M,Other Barehand Routines,C
SOTHERN Rhyse Kegan,ZAF,8.44,,M,Other Barehand Routines,C
NEDELEA Andrei Mario,ROU,8.44,,M,Other Barehand Routines,C
MOHAMED AHMED Fathalla Taha,EGY,8.42,,M,Other Barehand Routines,C
TASOPOULOS Ioannis,GRC,8.42,,M,Other Barehand Routines,C
LI Chengrui,USA,(DNS),,M,Other Barehand Routines,C
XIAN Daniel Haocheng,USA,(DNS),,M,Other Barehand Routines,C
TELESSINOV Arman,KAZ,(DNS),,M,Other Barehand Routines,C
ARUTYUNJAN Aurora,HUN,8.46,1ST Prize,W,Shaolinquan,B
KARMEN ADEL Rashad Khater,EGY,8.38,2ND Prize,W,Shaolinquan,B
SILVA CONCEICAO Lorena,BRA,8.37,3RD Prize,W,Shaolinquan,B
TRAIZE Arina,KAZ,8.34,3RD Prize,W,Shaolinquan,B
ARAUZ NIEVES Luciana,MEX,8.22,,W,Shaolinquan,B
SCHUR CHEN Annie,FRA,8.7,1ST Prize,W,Other Barehand Routines,A/B
WU Kai Yee,HKG,8.69,1ST Prize,W,Other Barehand Routines,A/B
DING Sabrina,USA,8.57,1ST Prize,W,Other Barehand Routines,A/B
LI Winifred Zhen Ping,USA,8.55,2ND Prize,W,Other Barehand Routines,A/B
MATOS RODRIGUES Ana Carla,BRA,8.55,2ND Prize,W,Other Barehand Routines,A/B
LIM Verna,MYS,8.52,2ND Prize,W,Other Barehand Routines,A/B
CHONG Shin Yu,MYS,8.47,3RD Prize,W,Other Barehand Routines,A/B
SHEN Caitlyn,USA,8.47,3RD Prize,W,Other Barehand Routines,A/B
SILVA VIANA Layla Ketelen,BRA,8.46,3RD Prize,W,Other Barehand Routines,A/B
HAO Cindy Yuan,USA,8.44,3RD Prize,W,Other Barehand Routines,A/B
HUANACUNI PINEDO Pakari Nayra,BOL,8.41,,W,Other Barehand Routines,A/B
SYAIDHA Hajarah,MYS,8.38,,W,Other Barehand Routines,A/B
ARUTYUNJAN Adelaida,HUN,8.35,,W,Other Barehand Routines,A/B
GORDON Ayla Nunnehi,USA,(DNS),,W,Other Barehand Routines,A/B
CHANDRASEKARA JAYARATHNA MUDIYANSELAGE Gimhani Akarshana Bogollagama,LKA,(DNS),,W,Other Barehand Routines,A/B
LAM Weng San,MAC,8.66,1ST Prize,W,Other Nanquan Routines,C
ALTUN Sude Merve,TUR,8.64,2ND Prize,W,Other Nanquan Routines,C
LEOW Le Yi Edda,SGP,8.64,2ND Prize,W,Other Nanquan Routines,C
MICHOU Despoina,GRC,8.61,3RD Prize,W,Other Nanquan Routines,C
AVAGYAN Siranush,ARM,8.6,3RD Prize,W,Other Nanquan Routines,C
TOUROUTSIKA Christina,GRC,8.6,3RD Prize,W,Other Nanquan Routines,C
HUANG Emma Mei,USA,8.59,,W,Other Nanquan Routines,C
BANCOS Ema Alexandra,ROU,8.57,,W,Other Nanquan Routines,C
CHEN Haoran,SGP,8.53,,W,Other Nanquan Routines,C
WIJESUNDARA MUDIYANSELAGE Matheesha Gimhani Wijesundara,LKA,8.5,,W,Other Nanquan Routines,C
LEONG Wai Lam,MAC,8.61,1ST Prize,W,Baguazhang,C
SPULE Estere So?ja,LVA,8.6,2ND Prize,W,Baguazhang,C
CHUKANOVA Kristina,UKR,8.58,3RD Prize,W,Baguazhang,C
HUANG Sophie Qianshu,USA,8.49,3RD Prize,W,Baguazhang,C
ZHANG Ashley Youran,USA,8.4,,W,Baguazhang,C
LY Kayla Caroling,USA,8.32,,W,Baguazhang,C
MALAK MOHAMED Omar Montasser,EGY,8.87,1ST Prize,W,Bajiquan,C
BALASOVA An?sa,LVA,8.76,2ND Prize,W,Bajiquan,C
MENA TORRES Michelle,MEX,8.68,2ND Prize,W,Bajiquan,C
KOGAN Erika,ISR,8.67,3RD Prize,W,Bajiquan,C
JRIBI Chourouk,TUN,8.6,3RD Prize,W,Bajiquan,C
AISPURO BRINGAS Marisol Guadalupe,MEX,8.55,3RD Prize,W,Bajiquan,C
SINHALA PELI GEDARA Tanisha Keshavi Nawangi Ranasingha,LKA,8.43,,W,Bajiquan,C
DABUKA GEDARA Therani Nehara Thilakarathne,LKA,8.42,,W,Bajiquan,C
KHUVINDAHANDI Shavindi Ayodhya De Silva,LKA,8.41,,W,Bajiquan,C
WANG Joy Zy,USA,8.76,1ST Prize,W,Chaquan,C
LEE Hiu Ching,HKG,8.72,2ND Prize,W,Chaquan,C
COSKUN Ayse Sina,TUR,8.7,2ND Prize,W,Chaquan,C
FRENEKL Sasha,ISR,8.64,3RD Prize,W,Chaquan,C
ZIPOR Galia,ISR,8.64,3RD Prize,W,Chaquan,C
APKHAZAVA Sopiko,GEO,8.6,3RD Prize,W,Chaquan,C
ARZIANI Mariam,GEO,8.6,3RD Prize,W,Chaquan,C
YU Ellany,USA,8.58,,W,Chaquan,C
VLADAREANU Gabriela,ROU,8.58,,W,Chaquan,C
SONOWAL Kashyapi,IND,8.55,,W,Chaquan,C
MAXUTOVA Zarina,KAZ,8.53,,W,Chaquan,C
SILBERSTEIN Mia Jacquelyn,USA,8.47,,W,Chaquan,C
SPYRIDOU Melina,GRC,8.67,1ST Prize,W,Shaolinquan,C
BERIY Michal,ISR,8.66,1ST Prize,W,Shaolinquan,C
MARRA Lara,ITA,8.65,2ND Prize,W,Shaolinquan,C
HAO Youyang,USA,8.63,2ND Prize,W,Shaolinquan,C
LOK Mai Cheng,MAC,8.61,2ND Prize,W,Shaolinquan,C
MUKHAMETOVA Aidana,KAZ,8.59,2ND Prize,W,Shaolinquan,C
FOTINOGIANNOPOULOU Konstantina,GRC,8.59,3RD Prize,W,Shaolinquan,C
VAN DER MESCHT Kitana Cora,ZAF,8.56,3RD Prize,W,Shaolinquan,C
ARUTYUNJAN Anna Maria,HUN,8.54,3RD Prize,W,Shaolinquan,C
FIETZE Mila Claryssa Esselen,ZAF,8.53,3RD Prize,W,Shaolinquan,C
Lilly May WRIGHT,GBR,8.53,3RD Prize,W,Shaolinquan,C
BASSI Giulia,ITA,8.52,3RD Prize,W,Shaolinquan,C
NADARIO FREITAS Maria Eduarda,BRA,8.47,,W,Shaolinquan,C
FIALOVA Barbora,CZE,8.46,,W,Shaolinquan,C
PANAGOPOULOY Kyriaki,GRC,8.43,,W,Shaolinquan,C
SHIBATA Riin,JPN,8.43,,W,Shaolinquan,C
MALAK IBRAHIM Abouelmaati Mohamed,EGY,8.35,,W,Shaolinquan,C
MTSHALI Uthembekile,ZAF,8.33,,W,Shaolinquan,C
SHIBATA Kanon,JPN,8.25,,W,Shaolinquan,C
TAMPAKI Dimitra,GRC,8.24,,W,Shaolinquan,C
PUZIS Nikol,ISR,(DNS),,W,Shaolinquan,C
AKYUZ Ayse Sude,TUR,8.85,1ST Prize,W,Other Barehand Routines,C
WONG Man Ting,HKG,8.75,1ST Prize,W,Other Barehand Routines,C
JAZMIN Alag,MYS,8.64,1ST Prize,W,Other Barehand Routines,C
DING Catrina,USA,8.61,2ND Prize,W,Other Barehand Routines,C
NEDELEA Ana Maria,ROU,8.6,2ND Prize,W,Other Barehand Routines,C
LAM Xue Ying,MYS,8.56,2ND Prize,W,Other Barehand Routines,C
HUANG Susie,HKG,8.55,2ND Prize,W,Other Barehand Routines,C
LY Elva Elizabeth,USA,8.51,2ND Prize,W,Other Barehand Routines,C
LOBITZ Adel,HUN,8.51,3RD Prize,W,Other Barehand Routines,C
RABICO VIDEIRA Maria,PRT,8.51,3RD Prize,W,Other Barehand Routines,C
KOURTIDOU Ioanna Nefeli,GRC,8.5,3RD Prize,W,Other Barehand Routines,C
MO Emily Dongli,USA,8.49,3RD Prize,W,Other Barehand Routines,C
MASKOVA Anna,CZE,8.49,3RD Prize,W,Other Barehand Routines,C
ZHAO Hailey Hu,USA,8.49,3RD Prize,W,Other Barehand Routines,C
LUU Pham Thanh Thanh,VNM,8.47,3RD Prize,W,Other Barehand Routines,C
HOANG Vy Yen Nhi,VNM,8.47,3RD Prize,W,Other Barehand Routines,C
WONG Zhong Wei,MYS,8.47,,W,Other Barehand Routines,C
DUMITRU Ana Maria,ROU,8.47,,W,Other Barehand Routines,C
GEORGA Eleni Anna,GRC,8.45,,W,Other Barehand Routines,C
MARCEL Daniela Mckenzie,USA,8.44,,W,Other Barehand Routines,C
MEEGODA KANKANAMGE DON Dinari Sineli Meegoda,LKA,8.41,,W,Other Barehand Routines,C
?ELE?OVÁ Diana,SVK,8.4,,W,Other Barehand Routines,C
RANCY HAMED Zaki Hamed,EGY,8.36,,W,Other Barehand Routines,C
IMBULAPITIYE GEDARA Pramodya Sewmini Rathnayake,LKA,8.33,,W,Other Barehand Routines,C
RODRIGUES CHARNECO Mariana,PRT,8.29,,W,Other Barehand Routines,C
KWAN Ning Wai,HKG,8.74,1ST Prize,W,Hongjiaquan (Hung Gar),D
TAN Shi Xuan Esther,SGP,8.65,2ND Prize,W,Hongjiaquan (Hung Gar),D
LOW Qiu Min Elicia,SGP,8.62,3RD Prize,W,Hongjiaquan (Hung Gar),D
RYCHLEWSKA Emila Marta,POL,8.58,3RD Prize,W,Hongjiaquan (Hung Gar),D
VATZAKA Christina,GRC,8.55,,W,Hongjiaquan (Hung Gar),D
LEE Wing Yung,HKG,8.73,1ST Prize,W,Other Southern Routines,D
KALUARACHCHI Devni Chamodya,SGP,8.61,1ST Prize,W,Other Southern Routines,D
SIRTO Elisabetta,ITA,8.59,2ND Prize,W,Other Southern Routines,D
ALEXANDRA Dwi Putri,IDN,8.58,2ND Prize,W,Other Southern Routines,D
BEKIARI Maria Ioanna,GRC,8.58,2ND Prize,W,Other Southern Routines,D
ZAVIALOVA Svitlana,UKR,8.57,2ND Prize,W,Other Southern Routines,D
BENCINI CRUZ Silvia,PRT,8.57,3RD Prize,W,Other Southern Routines,D
LE Tran Bao Tran,VNM,8.57,3RD Prize,W,Other Southern Routines,D
LEE Sze Min Josephine,SGP,8.57,3RD Prize,W,Other Southern Routines,D
LAMPADA Maria,GRC,8.56,3RD Prize,W,Other Southern Routines,D
PAPAGEORGOPOULOU Marina,GRC,8.55,3RD Prize,W,Other Southern Routines,D
TAN Wei Qing Regina,SGP,8.53,3RD Prize,W,Other Southern Routines,D
MICU Lorena Eliana,ROU,8.53,,W,Other Southern Routines,D
CIECHANOWSKA Magdalena Katarzyna,POL,8.52,,W,Other Southern Routines,D
KAUR Karamjit,IND,8.5,,W,Other Southern Routines,D
LIONTOU Ioanna,GRC,8.5,,W,Other Southern Routines,D
SKORUPA Agnieszka Barbara,POL,8.49,,W,Other Southern Routines,D
VILLALONGA SEBASTIA Elena,ESP,8.45,,W,Other Southern Routines,D
PODAKANTI Pavithra Chary,IND,8.45,,W,Other Southern Routines,D
TEMIME Kahina,DZA,(DNS),,W,Other Southern Routines,D
JING Xuecai,CHN,8.71,1ST Prize,M,Gun (Cudgel/Sta?),E
PUZIS Rami,ISR,8.54,2ND Prize,M,Gun (Cudgel/Sta?),E
JIA Meng,CHN,8.51,3RD Prize,M,Gun (Cudgel/Sta?),E
FUKUNISHI Tadashi,JPN,8.48,3RD Prize,M,Gun (Cudgel/Sta?),E
HUANACUNI MAMANI Fernando,BOL,8.48,,M,Gun (Cudgel/Sta?),E
SMOOK Christiaan Harold,ZAF,8.46,,M,Gun (Cudgel/Sta?),E
ALKELANY Farouk Alkelany,EGY,8.41,,M,Gun (Cudgel/Sta?),E
IOANA Florin,ROU,(DNS),,M,Gun (Cudgel/Sta?),E
BEIBALAYEV Artyom,KAZ,(DNS),,M,Gun (Cudgel/Sta?),E
Mamadou FALL,SEN,(DNS),,M,Gun (Cudgel/Sta?),E
FESCHENKO Daniil,UKR,8.67,1ST Prize,M,Other Soft Weapon,D/E/F
HO Yin Ching,HKG,8.64,1ST Prize,M,Other Soft Weapon,D/E/F
TEO Chee Wei,SGP,8.62,2ND Prize,M,Other Soft Weapon,D/E/F
ZAMOLO Giuliano Isa,ROU,8.58,2ND Prize,M,Other Soft Weapon,D/E/F
MORALES GARCIA Jose Luis,ESP,8.57,3RD Prize,M,Other Soft Weapon,D/E/F
GALLARDO GONZALO Ivan,ESP,8.55,3RD Prize,M,Other Soft Weapon,D/E/F
SHEN Aspen Ziyang,USA,8.53,3RD Prize,M,Other Soft Weapon,D/E/F
KEYS Aaron Jamaal,USA,8.51,,M,Other Soft Weapon,D/E/F
RODRIGUES DOS REIS Pedro Henrique,BRA,8.5,,M,Other Soft Weapon,D/E/F
WU Shao Jie,AUS,8.4,,M,Other Soft Weapon,D/E/F
TSIKRIKAS Konstantinos,GRC,8.37,,M,Other Soft Weapon,D/E/F
ARAB Nadir,DZA,(DNS),,M,Other Soft Weapon,D/E/F
KWAN Siew Hung,SGP,8.74,1ST Prize,M,Other Single Weapon Routines,F
OTAKA Kazuhiko,JPN,8.72,2ND Prize,M,Other Single Weapon Routines,F
CHEN Zuobin,CHN,8.64,3RD Prize,M,Other Single Weapon Routines,F
MOHAMMED Ahmad Faizal,SGP,8.57,3RD Prize,M,Other Single Weapon Routines,F
LOPATKIN Evgenii,KGZ,8.57,,M,Other Single Weapon Routines,F
KARDOS Gabor,HUN,8.5,,M,Other Single Weapon Routines,F
HACKNER Allan Jonathan,ZAF,8.48,,M,Other Single Weapon Routines,F
ZHYVOTOK Heorhii,UKR,8.64,1ST Prize,M,Other Single Weapon Routines,D
MURATBEK UULU Edil,KGZ,8.62,2ND Prize,M,Other Single Weapon Routines,D
HASHCHUK Artem,UKR,8.61,2ND Prize,M,Other Single Weapon Routines,D
YAP Wei Sheng Wilson,SGP,8.6,3RD Prize,M,Other Single Weapon Routines,D
HATALA Patrik,SVK,8.59,3RD Prize,M,Other Single Weapon Routines,D
ESWAL Abhijeet,IND,8.54,,M,Other Single Weapon Routines,D
BALOGH Barnabas,HUN,8.53,,M,Other Single Weapon Routines,D
LIM Giovanni Moses,PHL,8.52,,M,Other Single Weapon Routines,D
MOHAMMED Mugahed Mohammed Hussein,YEM,(DNS),,M,Other Single Weapon Routines,D
LWZA Bassam Ahmed Ali Rezq,YEM,(DNS),,M,Other Single Weapon Routines,D
PHAM Nguyen Hoang Phuc,VNM,8.7,1ST Prize,M,Nangun (Southern Sta?/Cudgel),D
KAMA Muhammet Can,TUR,8.63,2ND Prize,M,Nangun (Southern Sta?/Cudgel),D
MAMEDOVI Rauli,GEO,8.59,2ND Prize,M,Nangun (Southern Sta?/Cudgel),D
NISIOTIS Nikolaos,GRC,8.58,3RD Prize,M,Nangun (Southern Sta?/Cudgel),D
MA?NICKI Konrad,POL,8.57,3RD Prize,M,Nangun (Southern Sta?/Cudgel),D
TESTARDINI Matteo,ITA,8.56,,M,Nangun (Southern Sta?/Cudgel),D
VALIEV Ilyoskhon,TJK,8.53,,M,Nangun (Southern Sta?/Cudgel),D
NURMATOV Sherzod,TJK,8.39,,M,Nangun (Southern Sta?/Cudgel),D
ZHAO Chuanhui,CHN,8.63,1ST Prize,M,Other Double Weapon Routines,E/F
RAJA CATALA Vicente,ESP,8.62,2ND Prize,M,Other Double Weapon Routines,E/F
LEUTZ Richard,BRA,8.59,3RD Prize,M,Other Double Weapon Routines,E/F
DA ROSA Carlos Alberto,BRA,8.54,3RD Prize,M,Other Double Weapon Routines,E/F
CHEUNG Wing Kit,HKG,8.53,,M,Other Double Weapon Routines,E/F
CARRETERO MEDIAVILLA Jose,ESP,8.52,,M,Other Double Weapon Routines,E/F
WEERASINGHE Jagath Kumara,LKA,8.45,,M,Other Double Weapon Routines,E/F
ZHENG Wu,CHN,(DNS),,M,Other Double Weapon Routines,E/F
LORENSU HEWAGE Nuwan Sanjeewa,LKA,(DNS),,M,Other Double Weapon Routines,E/F
SEMAEV Oleg,KGZ,(DNS),,M,Other Double Weapon Routines,E/F
SEAH Jun Xiang Dylan,SGP,8.7,1ST Prize,M,other Taijiquan Routines,B/C
LI Hao,HKG,8.63,1ST Prize,M,other Taijiquan Routines,B/C
WONG Kaden Dan,USA,8.62,1ST Prize,M,other Taijiquan Routines,B/C
TAN En Jie,SGP,8.58,1ST Prize,M,other Taijiquan Routines,B/C
MURENU Matteo,ITA,8.57,2ND Prize,M,other Taijiquan Routines,B/C
ZHANG Donghe,USA,8.55,2ND Prize,M,other Taijiquan Routines,B/C
ADAM AYMAN Morsi Aboelabbas,EGY,8.53,2ND Prize,M,other Taijiquan Routines,B/C
WONG Kadyn,USA,8.47,2ND Prize,M,other Taijiquan Routines,B/C
ZIAD AHMED Samy Mohamed,EGY,8.47,3RD Prize,M,other Taijiquan Routines,B/C
JOHN SAAD Amoun Mocus,EGY,8.47,3RD Prize,M,other Taijiquan Routines,B/C
JAYASUNDARA Pemitha Randes,LKA,8.36,3RD Prize,M,other Taijiquan Routines,B/C
KAMPS Darius,DEU,8.31,3RD Prize,M,other Taijiquan Routines,B/C
GRAD George Raul,ROU,8.2,3RD Prize,M,other Taijiquan Routines,B/C
YING Ruoxiang,CAN,8.14,3RD Prize,M,other Taijiquan Routines,B/C
KARUNANAYAKA MUDIYANSELAGE Anuja Chamod,LKA,8.12,,M,other Taijiquan Routines,B/C
GAJANAYAKA MUDALIGE Lakidu Himsara Gajanayaka,LKA,8.1,,M,other Taijiquan Routines,B/C
ROGOVEANU David,ROU,8.06,,M,other Taijiquan Routines,B/C
ROGOVEANU Dario,ROU,7.92,,M,other Taijiquan Routines,B/C
NGUYEN Khac Le Hoang,VNM,7.65,,M,other Taijiquan Routines,B/C
TEMIME Yazid,DZA,(DNS),,M,other Taijiquan Routines,B/C
ZHENG Zhichao,CHN,8.9,1ST Prize,M,Yang Style,D
LEUNG Yat Sing,HKG,8.69,2ND Prize,M,Yang Style,D
LOEIS Erick Citra,IDN,8.67,3RD Prize,M,Yang Style,D
JAYASEKARA MUDALIGE Hirusha Madushanka Jayasekara,LKA,8.51,3RD Prize,M,Yang Style,D
HOREJS Milan,CZE,8.5,,M,Yang Style,D
ZANINI Caio,BRA,8.41,,M,Yang Style,D
CALADO GUERREIRO Salvador,PRT,8.41,,M,Yang Style,D
YANG Xu,CHN,8.88,1ST Prize,M,Chen Style,D
SAT Pak Long,HKG,8.69,2ND Prize,M,Chen Style,D
CHUANG Tate Mathew,PHL,8.66,2ND Prize,M,Chen Style,D
LI Shaoyue,MAC,8.62,3RD Prize,M,Chen Style,D
HESHAM NABIL Abdelnabi Mohamed,EGY,8.6,3RD Prize,M,Chen Style,D
SANT'ANNA LIMA DE ALMEIDA Gabriel Guarino,BRA,8.55,3RD Prize,M,Chen Style,D
BARICA Florin Alexandru,ROU,8.55,,M,Chen Style,D
BISONI Gianluigi,ITA,8.52,,M,Chen Style,D
NUŃEZ ALARCON Rafael Ignacio,CHL,8.43,,M,Chen Style,D
NOVOTNY Lukas,CZE,8.37,,M,Chen Style,D
OUIDIR Lahcen,DZA,(DNS),,M,Chen Style,D
YEUNG Chung Hei,HKG,8.7,1ST Prize,M,Other Taijiquan Routines,D
LIN Sanzhe,FRA,8.65,2ND Prize,M,Other Taijiquan Routines,D
TRAN Phan Anh Tuan,VNM,8.61,3RD Prize,M,Other Taijiquan Routines,D
BRAYTON Mason Tsan-Ming,USA,8.59,3RD Prize,M,Other Taijiquan Routines,D
JANSEN Kai Frank,DEU,8.47,,M,Other Taijiquan Routines,D
FERREIRA PENSE William,BRA,8.44,,M,Other Taijiquan Routines,D
SIMON GARCIA Mario,ESP,8.41,,M,Other Taijiquan Routines,D
ZHANG Qianqiu,CHN,8.8,1ST Prize,M,Chen Style,E
ZHANG Cheng,USA,8.75,1ST Prize,M,Chen Style,E
KANG Hongbin,CHN,8.72,2ND Prize,M,Chen Style,E
FU Nengbin,CHN,8.72,2ND Prize,M,Chen Style,E
LIM Che How,SGP,8.7,2ND Prize,M,Chen Style,E
ZHOU Xu,CAN,8.68,3RD Prize,M,Chen Style,E
SLAMKA Michal,SVK,8.54,3RD Prize,M,Chen Style,E
SUMBULASHVILI Lasha,GEO,8.53,3RD Prize,M,Chen Style,E
MIHAILA Claudiu,ROU,8.52,3RD Prize,M,Chen Style,E
VLASENKO Romans,LVA,8.52,3RD Prize,M,Chen Style,E
1STAMATOPOULOS Grigorios,GRC,8.51,,M,Chen Style,E
BERRY Brett James,ZAF,8.5,,M,Chen Style,E
HAUSKA Jiri,CZE,8.47,,M,Chen Style,E
PANAGIOTAKIS Dimitrios,GRC,8.3,,M,Chen Style,E
WEERASINGHE Jagath Kumara,LKA,8.24,,M,Chen Style,E
HU Liqing,CHN,8.71,1ST Prize,M,Other Taijiquan Routines,E
YAN Haichun,CHN,8.66,2ND Prize,M,Other Taijiquan Routines,E
TIAN Chunyang,MAC,8.59,2ND Prize,M,Other Taijiquan Routines,E
TAY Ah Huat,SGP,8.57,3RD Prize,M,Other Taijiquan Routines,E
BROWN Mitchell Alexander Leon,AUS,8.55,3RD Prize,M,Other Taijiquan Routines,E
DYBICZ Tomasz Jacek,POL,8.52,3RD Prize,M,Other Taijiquan Routines,E
HERATH MUDIYANSELAGE Ananda Kumara,LKA,8.5,,M,Other Taijiquan Routines,E
ORICCHIO Alexandre Maximilien Marc,CHE,8.5,,M,Other Taijiquan Routines,E
CORONA AGUILAR Daniel Benjamin,MEX,8.49,,M,Other Taijiquan Routines,E
LOPEZ MORENO Raul,ESP,8.45,,M,Other Taijiquan Routines,E
NIKISINS Aleksejs,LVA,8.42,,M,Other Taijiquan Routines,E
AIT-ZERROUK Karim,DZA,(DNS),,M,Other Taijiquan Routines,E
LON Weng Kam,MAC,8.63,1ST Prize,M,Other Taijiquan Routines,F
MOHAMMED Ahmad Faizal,SGP,8.58,1ST Prize,M,Other Taijiquan Routines,F
WU Shao Jie,AUS,8.51,2ND Prize,M,Other Taijiquan Routines,F
NIŃO ORTEGA Eloy Alberto,ESP,8.51,2ND Prize,M,Other Taijiquan Routines,F
CHAN Han Yeh,AUS,8.5,3RD Prize,M,Other Taijiquan Routines,F
LO Wing Kit Albert,AUS,8.5,3RD Prize,M,Other Taijiquan Routines,F
KARDOS Gabor,HUN,8.46,,M,Other Taijiquan Routines,F
LEHMANN Nicholas Du?,USA,8.44,,M,Other Taijiquan Routines,F
WONG Yu Wen,MYS,8.74,1ST Prize,M,Dao (Broadsword),D
DONG Xinyu,SGP,8.71,1ST Prize,M,Dao (Broadsword),D
CHENG Kei Win,SGP,8.69,1ST Prize,M,Dao (Broadsword),D
LIRA LUNA Javier Arturo,MEX,8.67,2ND Prize,M,Dao (Broadsword),D
TABAROV Fotekh,TJK,8.64,2ND Prize,M,Dao (Broadsword),D
YERITSYAN Gevorg,ARM,8.62,2ND Prize,M,Dao (Broadsword),D
MASCHERPE CUELBAS Joao Pedro,BRA,8.62,2ND Prize,M,Dao (Broadsword),D
CAO Shuai,CHN,8.61,2ND Prize,M,Dao (Broadsword),D
MANABE Katsumi Derek,USA,8.61,3RD Prize,M,Dao (Broadsword),D
LEZAMA LUCERO Luis Antonio,MEX,8.6,3RD Prize,M,Dao (Broadsword),D
Devante DARNELL-HAZLE,GBR,8.6,3RD Prize,M,Dao (Broadsword),D
NITAS Kevin Janos,HUN,8.6,3RD Prize,M,Dao (Broadsword),D
BERRY Adam James,ZAF,8.56,3RD Prize,M,Dao (Broadsword),D
GOMEZ RODRIGUEZ Angel Julian,MEX,8.55,3RD Prize,M,Dao (Broadsword),D
BELLOUMI Jihed,TUN,8.53,3RD Prize,M,Dao (Broadsword),D
TIBIRIÇÁ BATATA Victor Matheus,BRA,8.53,3RD Prize,M,Dao (Broadsword),D
KAZUO GONÇALVES MIYASAKA KauăN,BRA,8.52,,M,Dao (Broadsword),D
Brandon Lee SANDALLS,GBR,8.52,,M,Dao (Broadsword),D
LAMPADAS Konstantinos,GRC,8.5,,M,Dao (Broadsword),D
VERHEYEN Jonathan,BEL,8.48,,M,Dao (Broadsword),D
DZIECIELSKI Jakub,POL,8.46,,M,Dao (Broadsword),D
PETOCZ Levente,HUN,8.46,,M,Dao (Broadsword),D
GKOUMAS Anastasios,GRC,8.41,,M,Dao (Broadsword),D
YANG Yalin,CHN,8.25,,M,Dao (Broadsword),D
MONYAMA Maile Elvis,ZAF,8.2,,M,Dao (Broadsword),D
MOHAMMAD SHUAIB Ayubi,AFG,(DNS),,M,Dao (Broadsword),D
Mame Birane KANE,SEN,(DNS),,M,Dao (Broadsword),D
DE ALMEIDA COSTA Cleu,BRA,8.73,1ST Prize,M,Guandao (Kwan Dao),D
NITAS Laszló Oliver,HUN,8.68,2ND Prize,M,Guandao (Kwan Dao),D
GULISASHVILI David,GEO,8.68,2ND Prize,M,Guandao (Kwan Dao),D
KROETZ Benjamin Fritz Ludwig,DEU,8.64,2ND Prize,M,Guandao (Kwan Dao),D
ROUCKA Michal,CZE,8.57,3RD Prize,M,Guandao (Kwan Dao),D
SIRTO Alessandro,ITA,8.55,3RD Prize,M,Guandao (Kwan Dao),D
YANG Xinhua,CHN,8.55,3RD Prize,M,Guandao (Kwan Dao),D
KALUARACHCHI Devin Tharunuwan,SGP,8.54,3RD Prize,M,Guandao (Kwan Dao),D
SHAIK Aman Pasha,IND,8.45,,M,Guandao (Kwan Dao),D
MO Don Hao,USA,8.44,,M,Guandao (Kwan Dao),D
GIL ALONSO Marcos,ESP,8.43,,M,Guandao (Kwan Dao),D
ULLAH Mohammad Wahid,USA,8.37,,M,Guandao (Kwan Dao),D
HUSSAIN Saddam,IND,8.14,,M,Guandao (Kwan Dao),D
GAO Sen,BOL,7.94,,M,Guandao (Kwan Dao),D
BOUTOUBANE Yassine,DZA,(DNS),,M,Guandao (Kwan Dao),D
SIRTO Elisabetta,ITA,(DNS),,M,Guandao (Kwan Dao),D
CHAN Tsz Sa,HKG,8.67,1ST Prize,W,Other Taijiquan Routines,B/C
BRAYTON Mariella Tsan-Ling,USA,8.65,1ST Prize,W,Other Taijiquan Routines,B/C
MAQUILAN Alessandra May,PHL,8.63,2ND Prize,W,Other Taijiquan Routines,B/C
POINT Flora,FRA,8.62,2ND Prize,W,Other Taijiquan Routines,B/C
ELLIE SHERIF Magdy Eskander,EGY,8.6,3RD Prize,W,Other Taijiquan Routines,B/C
SHAW Phylicia Boxi,USA,8.55,3RD Prize,W,Other Taijiquan Routines,B/C
PARADIUK Vanessa Weronika,POL,8.51,3RD Prize,W,Other Taijiquan Routines,B/C
KONG Yean Thong,MYS,8.4,,W,Other Taijiquan Routines,B/C
TECI Alexandra Jasmine,ROU,8.35,,W,Other Taijiquan Routines,B/C
ILIE So?a Maria,ROU,8.29,,W,Other Taijiquan Routines,B/C
JIN Yinuo,CAN,8.25,,W,Other Taijiquan Routines,B/C
COKHAMUR Ecrin,TUR,(DNS),,W,Other Taijiquan Routines,B/C
ANNIS Beatrice,ITA,8.57,2ND Prize,W,Chen Style,C
LABONI YONG Poi Qa,MYS,8.52,3RD Prize,W,Chen Style,C
JASLYN TAN Yu Ching,MYS,8.5,,W,Chen Style,C
MENDIS AMARASEKERA Samadhee Prathibha,LKA,8.4,,W,Chen Style,C
KOLISNYK Mariia,UKR,(DNS),,W,Chen Style,C
KUZEMBAY Aiymzhan,KAZ,8.47,1ST Prize,W,Yang Style,C
BELEAN Oana Vasilica,ROU,8.43,2ND Prize,W,Yang Style,C
LEE MO LIN Estelle Shannon Lian Chu,MUS,8.37,3RD Prize,W,Yang Style,C
CHONG CHAP SIN Marie Kim Lan,MUS,8.35,3RD Prize,W,Yang Style,C
SOWARUTH Dishita,MUS,8.33,,W,Yang Style,C
TAY Kai Xin Ranice,SGP,8.75,1ST Prize,W,Chen Style,D
WAI Pui Cheng,MAC,8.71,2ND Prize,W,Chen Style,D
KUBIAK Anna Maria,POL,8.68,3RD Prize,W,Chen Style,D
CHIKHLADZE Nino,GEO,8.63,3RD Prize,W,Chen Style,D
FOSSA Enrica,ITA,8.6,,W,Chen Style,D
TEMIME Kahina,DZA,(DNS),,W,Chen Style,D
YAN Ningning,CHN,8.79,1ST Prize,W,Yang Style,D
AU-YEUNG Pui Yue,HKG,8.76,2ND Prize,W,Yang Style,D
IVANOVA Oryna,UKR,8.75,2ND Prize,W,Yang Style,D
YEUNG Debbie,HKG,8.73,3RD Prize,W,Yang Style,D
ANASTASIU Denisa Ruxandra,ROU,8.71,3RD Prize,W,Yang Style,D
HUNG Si Fan,MAC,8.59,3RD Prize,W,Yang Style,D
SHARMA Abhigya,IND,8.53,,W,Yang Style,D
NIŃO GONZALEZ Alba,ESP,8.49,,W,Yang Style,D
WONG KAM LAN Jessica Rachel,MUS,8.46,,W,Yang Style,D
PAN Qiaoshan,CHN,8.92,1ST Prize,W,Other Taijiquan Routines,D
LI Na,CHN,8.9,2ND Prize,W,Other Taijiquan Routines,D
WANG Shiyu,CHN,8.8,2ND Prize,W,Other Taijiquan Routines,D
ROMERO Shaman,FRA,8.64,3RD Prize,W,Other Taijiquan Routines,D
VALENTIM UEMOTO Katemann Akemi,BRA,8.59,3RD Prize,W,Other Taijiquan Routines,D
PAVAN Beatriz Danielle,BRA,8.57,3RD Prize,W,Other Taijiquan Routines,D
GRINDEANU Sonia,ROU,8.47,,W,Other Taijiquan Routines,D
SAFRONOVA Jekaterina,LVA,8.45,,W,Other Taijiquan Routines,D
HEIDTMANN Anna Paulina,DEU,7.47,,W,Other Taijiquan Routines,D
MOHAND SAIDI Katia,DZA,(DNS),,W,Other Taijiquan Routines,D
GABESKIRIA Maka,GEO,8.68,1ST Prize,W,Chen Style,E
CHAO Haiya,CHN,8.65,2ND Prize,W,Chen Style,E
NG Chiew Yen,SGP,8.64,3RD Prize,W,Chen Style,E
ROVIRA-ALVAREZ Nelly Esther,USA,8.61,3RD Prize,W,Chen Style,E
1STANKOVA Marketa,CZE,8.57,,W,Chen Style,E
CHRYSOSTOMOU Daniela,ZAF,8.53,,W,Chen Style,E
KLEJCHOVÁ Michaela,SVK,8.51,,W,Chen Style,E
ENDO Tamami,JPN,8.67,1ST Prize,W,Other Taijiquan Routines,E
WANG Zhong,CHN,8.65,2ND Prize,W,Other Taijiquan Routines,E
OKUBO Tomomi,JPN,8.58,2ND Prize,W,Other Taijiquan Routines,E
TRAN CONG Francine,FRA,8.51,3RD Prize,W,Other Taijiquan Routines,E
PHAM Thi Huong,VNM,8.5,3RD Prize,W,Other Taijiquan Routines,E
ZHIGALKINA Tatyana,KAZ,8.5,3RD Prize,W,Other Taijiquan Routines,E
ZHU-HIPTMAIR Guirong,CHE,8.48,,W,Other Taijiquan Routines,E
YANG Lili,USA,8.47,,W,Other Taijiquan Routines,E
UEDA Mikiko,JPN,8.43,,W,Other Taijiquan Routines,E
PINEDO SORUCO Cecilia Esperanza,BOL,8.24,,W,Other Taijiquan Routines,E
GUEDES Marta Denise,BRA,(DNS),,W,Other Taijiquan Routines,E
CHEONG Lao Leng,MAC,8.8,1ST Prize,W,Other Taijiquan Routines,F
HAYASHI Kyoko,JPN,8.75,1ST Prize,W,Other Taijiquan Routines,F
PAVLENKO Elena,KGZ,8.66,2ND Prize,W,Other Taijiquan Routines,F
DE SALES SOARES DE MELO Cristina,PRT,8.62,2ND Prize,W,Other Taijiquan Routines,F
HO Lai Sim,MAC,8.6,3RD Prize,W,Other Taijiquan Routines,F
ZASLAWSKI Louise Edna Anne,AUS,8.52,3RD Prize,W,Other Taijiquan Routines,F
DINH Thi Thuy Lan,VNM,8.49,3RD Prize,W,Other Taijiquan Routines,F
SIN Shuet Yee,AUS,8.48,,W,Other Taijiquan Routines,F
YE Kanglian,DEU,8.45,,W,Other Taijiquan Routines,F
MC CARDLE Candace Jane,ZAF,8.43,,W,Other Taijiquan Routines,F
KHOO Cheng Choo,AUS,8.35,,W,Other Taijiquan Routines,F
CHAN I Lo,MAC,(DNS),,W,Other Taijiquan Routines,F
GARCIA MAZUECOS Francisco,ESP,8.8,1ST Prize,M,Gun (Cudgel/Sta?),D
BABENKO Alexey,KAZ,8.75,1ST Prize,M,Gun (Cudgel/Sta?),D
SINGH Lokender,IND,8.72,2ND Prize,M,Gun (Cudgel/Sta?),D
SZATAI Zoltan,HUN,8.71,2ND Prize,M,Gun (Cudgel/Sta?),D
DA SILVA CAPELAZZO Anthony,BRA,8.66,2ND Prize,M,Gun (Cudgel/Sta?),D
KHURSHEDZODA Mirzodalerkhon,TJK,8.66,2ND Prize,M,Gun (Cudgel/Sta?),D
MURSZEWSKI Maksymilian Grzegorz,POL,8.65,2ND Prize,M,Gun (Cudgel/Sta?),D
BARICA Florin Alexandru,ROU,8.63,3RD Prize,M,Gun (Cudgel/Sta?),D
ESSID Ahmed,TUN,8.61,3RD Prize,M,Gun (Cudgel/Sta?),D
SANCHEZ ROCHA Hugo Aurelio,MEX,8.6,3RD Prize,M,Gun (Cudgel/Sta?),D
YUEN Kam Weng,MAC,8.59,3RD Prize,M,Gun (Cudgel/Sta?),D
KUKARI Bonham Jayden Jimmy,ZAF,8.58,3RD Prize,M,Gun (Cudgel/Sta?),D
BORGES COUTINHO GALLO Iuri,BRA,8.57,3RD Prize,M,Gun (Cudgel/Sta?),D
Daniel John Joseph SHAW-ABULAFIA,GBR,8.55,3RD Prize,M,Gun (Cudgel/Sta?),D
MIRATSKY Jakub,CZE,8.53,,M,Gun (Cudgel/Sta?),D
KESKIN Ahmet Taha,TUR,8.52,,M,Gun (Cudgel/Sta?),D
MOUSTAFA MOUSTAFA Abbas Abbas,EGY,8.5,,M,Gun (Cudgel/Sta?),D
WILCZY?SKI Maciej Bart?Omiej,POL,8.49,,M,Gun (Cudgel/Sta?),D
GU Nicolas,FRA,8.48,,M,Gun (Cudgel/Sta?),D
JALI Khayelihle Goodenough,ZAF,8.47,,M,Gun (Cudgel/Sta?),D
TOMÁS BARROSO Tiago,PRT,8.46,,M,Gun (Cudgel/Sta?),D
THENNAKOON MUDIYANSELAGE Avishka Prasad Thennakoon,LKA,8.45,,M,Gun (Cudgel/Sta?),D
HASIEGANU Victor,ROU,8.42,,M,Gun (Cudgel/Sta?),D
PAW?OWICZ Mateusz Robert,POL,8.41,,M,Gun (Cudgel/Sta?),D
MURADYAN Aram,ARM,(DNS),,M,Gun (Cudgel/Sta?),D
YANG Zhiwei,CHN,8.9,1ST Prize,M,Jian (Straight Sword),D
ZVIRIN Jonathan,ISR,8.7,1ST Prize,M,Jian (Straight Sword),D
TRAIZE Arstan,KAZ,8.67,2ND Prize,M,Jian (Straight Sword),D
BRAYTON Mason Tsan-Ming,USA,8.66,2ND Prize,M,Jian (Straight Sword),D
YALKIN Osman,TUR,8.6,2ND Prize,M,Jian (Straight Sword),D
GAMBINO Michele,ITA,8.59,3RD Prize,M,Jian (Straight Sword),D
ZEDDA Ivo,ITA,8.56,3RD Prize,M,Jian (Straight Sword),D
DI BENEDETTO Claudio,ITA,8.55,3RD Prize,M,Jian (Straight Sword),D
ZHANG Alex Mushan,USA,8.53,3RD Prize,M,Jian (Straight Sword),D
GORSKIS Aleksandrs,LVA,8.51,3RD Prize,M,Jian (Straight Sword),D
MOREIRA DE ARAÚJO Fabio,BRA,8.49,,M,Jian (Straight Sword),D
CORREA IXTEPAN Diego Armando,MEX,8.49,,M,Jian (Straight Sword),D
Cam'Ron Yiu Fung TSANG,GBR,8.48,,M,Jian (Straight Sword),D
AYDINYAN Aram,ARM,8.46,,M,Jian (Straight Sword),D
FLORES PACHECO Jonathan Eber,MEX,8.45,,M,Jian (Straight Sword),D
BEROUTSOS Charalampos,GRC,8.44,,M,Jian (Straight Sword),D
OUIDIR Lahcen,DZA,(DNS),,M,Jian (Straight Sword),D
JANSEN Kai Frank,DEU,(DNS),,M,Jian (Straight Sword),D
YANG Fuhua,CHN,9.05,1ST Prize,M,Nandao (Southern Broadsword),D
LOW Shun Quan Benette,SGP,8.95,2ND Prize,M,Nandao (Southern Broadsword),D
CARELLA Nelso Cesar,ARG,8.87,3RD Prize,M,Nandao (Southern Broadsword),D
NGAN Lok Man,HKG,8.82,3RD Prize,M,Nandao (Southern Broadsword),D
NURMATOV Sherzod,TJK,8.67,,M,Nandao (Southern Broadsword),D
ABDULLO-ZODA Fayzullo,TJK,8.5,,M,Nandao (Southern Broadsword),D
Thierno DIBA,SEN,(DNS),,M,Nandao (Southern Broadsword),D
MAK Sherman Shu Hang,AUS,8.66,1ST Prize,M,Dao (Broadsword),E
AVAGYAN Artashes,ARM,8.59,2ND Prize,M,Dao (Broadsword),E
TAVARES DE ALMEIDA Sergio,PRT,8.56,3RD Prize,M,Dao (Broadsword),E
ZERVAS Chrisovalantis,GRC,8.54,3RD Prize,M,Dao (Broadsword),E
KRIGGER DOS SANTOS Rodrigo,BRA,8.51,,M,Dao (Broadsword),E
COLACO DAVID Daniel Goncalo,PRT,8.5,,M,Dao (Broadsword),E
ALMEIDA DA SILVA Evandro,BRA,8.49,,M,Dao (Broadsword),E
LAMPADAS Theodoros,GRC,(DNS),,M,Dao (Broadsword),E
CHEN Zhigang,CHN,8.73,1ST Prize,M,Other Single Weapon Routines,E
ZHENG Wu,CHN,8.72,1ST Prize,M,Other Single Weapon Routines,E
ROMERO Hrod,FRA,8.71,2ND Prize,M,Other Single Weapon Routines,E
TIAN Hongwei,CHN,8.69,2ND Prize,M,Other Single Weapon Routines,E
KANG Hongbin,CHN,8.64,2ND Prize,M,Other Single Weapon Routines,E
OCHI Kenta,JPN,8.62,2ND Prize,M,Other Single Weapon Routines,E
MINORU TANOSHI SéRgio,BRA,8.62,3RD Prize,M,Other Single Weapon Routines,E
CHUCHOLOWSKI Frederic Emanuel,DEU,8.6,3RD Prize,M,Other Single Weapon Routines,E
DIMANFA BONGIANNI Marcos,BRA,8.56,3RD Prize,M,Other Single Weapon Routines,E
OLIVEIRA SANTOS Italo Jorge,BRA,8.56,3RD Prize,M,Other Single Weapon Routines,E
SIRTO Edoardo Francesco Maria,ITA,8.55,3RD Prize,M,Other Single Weapon Routines,E
JACOBS Bernard Paul,ZAF,8.54,3RD Prize,M,Other Single Weapon Routines,E
ESCALANTE PEINADO Ivan Alberto,MEX,8.54,,M,Other Single Weapon Routines,E
PANAGOPOULOS Christos,GRC,8.52,,M,Other Single Weapon Routines,E
CORONA AGUILAR Daniel Benjamin,MEX,8.52,,M,Other Single Weapon Routines,E
MAKRIS Athanasios,GRC,8.51,,M,Other Single Weapon Routines,E
NG Chester Tse King,USA,8.49,,M,Other Single Weapon Routines,E
VAN DER MESCHT Thor,ZAF,8.46,,M,Other Single Weapon Routines,E
CHOO Hing How,MYS,8.43,,M,Other Single Weapon Routines,E
PAPACHARALAMPOUS Vasileios,GRC,8.37,,M,Other Single Weapon Routines,E
HERCZEG Andras,HUN,8.35,,M,Other Single Weapon Routines,E
1STAMATOPOULOS Grigorios,GRC,(DNS),,M,Other Single Weapon Routines,E
Boubacar SAMBOU,SEN,(DNS),,M,Other Single Weapon Routines,E
SHI Xiaolong,CHN,8.99,1ST Prize,M,Bajiquan,D
KWOK Kwan Ho,HKG,8.77,2ND Prize,M,Bajiquan,D
YUEN Kam Weng,MAC,8.75,2ND Prize,M,Bajiquan,D
YERITSYAN Gevorg,ARM,8.73,3RD Prize,M,Bajiquan,D
KRYSKO Viacheslav,UKR,8.7,3RD Prize,M,Bajiquan,D
KALUARACHCHI Devin Tharunuwan,SGP,8.65,3RD Prize,M,Bajiquan,D
SHEN Aspen Ziyang,USA,8.61,,M,Bajiquan,D
GONZALEZ MARMOLEJO Luis Arturo,MEX,8.57,,M,Bajiquan,D
ZEDDA Ivo,ITA,8.52,,M,Bajiquan,D
THENNAKOON MUDIYANSELAGE Avishka Prasad Thennakoon,LKA,8.46,,M,Bajiquan,D
SIGMON Kirk Allen,USA,8.43,,M,Bajiquan,D
MURADYAN Aram,ARM,(DNS),,M,Bajiquan,D
YANG Yalin,CHN,9.1,1ST Prize,M,Chaquan,D
ZHARUN Maksym,UKR,9,2ND Prize,M,Chaquan,D
HO Yin Ching,HKG,8.95,2ND Prize,M,Chaquan,D
DONG Xinyu,SGP,8.74,3RD Prize,M,Chaquan,D
ZVIRIN Jonathan,ISR,8.73,3RD Prize,M,Chaquan,D
ZHANG Alex Mushan,USA,8.66,3RD Prize,M,Chaquan,D
HATALA Patrik,SVK,8.56,3RD Prize,M,Chaquan,D
ZAMOLO Giuliano Isa,ROU,8.55,,M,Chaquan,D
ROUCKA Michal,CZE,8.54,,M,Chaquan,D
YALKIN Osman,TUR,8.52,,M,Chaquan,D
DAVNAM Parth,IND,8.46,,M,Chaquan,D
HUSSAIN Saddam,IND,8.4,,M,Chaquan,D
WANG Qianlong,CHN,8.89,1ST Prize,M,Fanziquan,D
YANG Zhiwei,CHN,8.88,2ND Prize,M,Fanziquan,D
CHEN Jinsong,HKG,8.83,3RD Prize,M,Fanziquan,D
GULISASHVILI David,GEO,8.65,3RD Prize,M,Fanziquan,D
BARTOŠ Filip,SVK,8.58,,M,Fanziquan,D
MANABE Katsumi Derek,USA,8.5,,M,Fanziquan,D
CAO Shuai,CHN,8.9,1ST Prize,M,Shaolinquan,D
GAMBINO Michele,ITA,8.78,1ST Prize,M,Shaolinquan,D
MATHIOPOULOS Dimitrios Ioannis,GRC,8.76,1ST Prize,M,Shaolinquan,D
TRAIZE Arstan,KAZ,8.7,2ND Prize,M,Shaolinquan,D
KHURSHEDZODA Mirzodalerkhon,TJK,8.69,2ND Prize,M,Shaolinquan,D
GU Nicolas,FRA,8.66,2ND Prize,M,Shaolinquan,D
TEO Chee Wei,SGP,8.66,2ND Prize,M,Shaolinquan,D
REVA Roman,UKR,8.65,2ND Prize,M,Shaolinquan,D
BABENKO Alexey,KAZ,8.63,2ND Prize,M,Shaolinquan,D
RESENDE DE SOUSA Bruno Miguel,PRT,8.61,3RD Prize,M,Shaolinquan,D
KESKIN Ahmet Taha,TUR,8.59,3RD Prize,M,Shaolinquan,D
IANA Mihail Alexandru,ROU,8.59,3RD Prize,M,Shaolinquan,D
TSIKRIKAS Konstantinos,GRC,8.59,3RD Prize,M,Shaolinquan,D
GRABOVSKIS Aleksejs,LVA,8.59,3RD Prize,M,Shaolinquan,D
NITAS Laszló Oliver,HUN,8.58,3RD Prize,M,Shaolinquan,D
IOANA Marius Andrei,ROU,8.57,3RD Prize,M,Shaolinquan,D
TIBIRIÇÁ BATATA Victor Matheus,BRA,8.56,3RD Prize,M,Shaolinquan,D
Devante DARNELL-HAZLE,GBR,8.55,3RD Prize,M,Shaolinquan,D
ESSID Ahmed,TUN,8.55,,M,Shaolinquan,D
MURSZEWSKI Maksymilian Grzegorz,POL,8.54,,M,Shaolinquan,D
Connor James BLACK,GBR,8.54,,M,Shaolinquan,D
JURAEV Abbos,TJK,8.54,,M,Shaolinquan,D
MOUSTAFA MOUSTAFA Abbas Abbas,EGY,8.53,,M,Shaolinquan,D
BELLOUMI Jihed,TUN,8.53,,M,Shaolinquan,D
PETOCZ Levente,HUN,8.5,,M,Shaolinquan,D
KUKARI Bonham Jayden Jimmy,ZAF,8.5,,M,Shaolinquan,D
YANG Xinhua,CHN,8.49,,M,Shaolinquan,D
BERRY Adam James,ZAF,8.48,,M,Shaolinquan,D
VERHEYEN Jonathan,BEL,8.48,,M,Shaolinquan,D
DZIECIELSKI Jakub,POL,8.46,,M,Shaolinquan,D
CORREA IXTEPAN Diego Armando,MEX,8.42,,M,Shaolinquan,D
SAREER KHAN Zadran,AFG,(DNS),,M,Shaolinquan,D
Mame Birane KANE,SEN,(DNS),,M,Shaolinquan,D
TABAROV Fotekh,TJK,(DNS),,M,Shaolinquan,D
LIM Giovanni Moses,PHL,8.7,1ST Prize,M,Tanglangquan (Mantis Style),D
GARCIA MAZUECOS Francisco,ESP,8.67,2ND Prize,M,Tanglangquan (Mantis Style),D
SZATAI Zoltan,HUN,8.6,3RD Prize,M,Tanglangquan (Mantis Style),D
ZEDDA Valerio,ITA,8.56,3RD Prize,M,Tanglangquan (Mantis Style),D
ANDERSSON Ted Fredrik,SWE,8.51,,M,Tanglangquan (Mantis Style),D
KOLISNYK Oleksii,UKR,8.73,1ST Prize,M,Yingzhaoquan (Eagle Style),D
LIRA LUNA Javier Arturo,MEX,8.65,2ND Prize,M,Yingzhaoquan (Eagle Style),D
LIRA ACOSTA Jesus Alfredo,MEX,8.61,3RD Prize,M,Yingzhaoquan (Eagle Style),D
GOMEZ RODRIGUEZ Angel Julian,MEX,8.6,3RD Prize,M,Yingzhaoquan (Eagle Style),D
LEZAMA LUCERO Luis Antonio,MEX,8.5,,M,Yingzhaoquan (Eagle Style),D
MOREIRA DE ARAÚJO Fabio,BRA,8.45,,M,Yingzhaoquan (Eagle Style),D
BEROUTSOS Charalampos,GRC,8.39,,M,Yingzhaoquan (Eagle Style),D
OLIINYK Andrii,UKR,(DNS),,M,Yingzhaoquan (Eagle Style),D
HUYNH Christoph Ngoc-Son,DEU,8.76,1ST Prize,M,Xingyiquan,D
CHOONG Chee Wei,MYS,8.72,2ND Prize,M,Xingyiquan,D
AKYUZ Necmett?N Erbakan,TUR,8.7,2ND Prize,M,Xingyiquan,D
RAJPUT Rajat,IND,8.66,3RD Prize,M,Xingyiquan,D
BHATI Shivam,IND,8.65,3RD Prize,M,Xingyiquan,D
DU PLESSIS Alexander Dirk,ZAF,8.54,,M,Xingyiquan,D
CUI Trevan Jiaheng,USA,8.49,,M,Xingyiquan,D
PODAKANTI Satyajith Chary,IND,8.46,,M,Xingyiquan,D
BOUTOUBANE Yassine,DZA,(DNS),,M,Xingyiquan,D
WANG Dian,CHN,9,1ST Prize,M,Other Barehand Routines,D
GAO Sen,BOL,8.95,1ST Prize,M,Other Barehand Routines,D
ZHANG Yuyang,CHN,8.81,1ST Prize,M,Other Barehand Routines,D
DE OLIVEIRA MANACERO Miguel,BRA,8.72,2ND Prize,M,Other Barehand Routines,D
WONG Yu Wen,MYS,8.69,2ND Prize,M,Other Barehand Routines,D
KOW Zer Xuan,MYS,8.67,2ND Prize,M,Other Barehand Routines,D
ZHYVOTOK Heorhii,UKR,8.66,2ND Prize,M,Other Barehand Routines,D
ARISTIDE Julien,FRA,8.64,2ND Prize,M,Other Barehand Routines,D
JANGID Nakshatra,IND,8.63,2ND Prize,M,Other Barehand Routines,D
NITAS Kevin Janos,HUN,8.61,3RD Prize,M,Other Barehand Routines,D
HASHCHUK Artem,UKR,8.61,3RD Prize,M,Other Barehand Routines,D
GORSKIS Aleksandrs,LVA,8.59,3RD Prize,M,Other Barehand Routines,D
BALOGH Barnabas,HUN,8.57,3RD Prize,M,Other Barehand Routines,D
KOJIMA Ryuhei,JPN,8.57,3RD Prize,M,Other Barehand Routines,D
MURATBEK UULU Edil,KGZ,8.57,3RD Prize,M,Other Barehand Routines,D
SINGH Lokender,IND,8.56,3RD Prize,M,Other Barehand Routines,D
MO Don Hao,USA,8.56,3RD Prize,M,Other Barehand Routines,D
DIMEGLIO Charlene Jasmine,USA,8.55,3RD Prize,M,Other Barehand Routines,D
DAO Vi Dat,VNM,8.55,,M,Other Barehand Routines,D
COLLADO SAIZ Francisco,ESP,8.54,,M,Other Barehand Routines,D
FLORES PACHECO Jonathan Eber,MEX,8.53,,M,Other Barehand Routines,D
AYDINYAN Aram,ARM,8.51,,M,Other Barehand Routines,D
DI BENEDETTO Claudio,ITA,8.51,,M,Other Barehand Routines,D
Brandon Lee SANDALLS,GBR,8.5,,M,Other Barehand Routines,D
TOMÁS BARROSO Tiago,PRT,8.48,,M,Other Barehand Routines,D
Daniel John Joseph SHAW-ABULAFIA,GBR,8.47,,M,Other Barehand Routines,D
LEGASPI Regin Ryan Ralleca,AUS,8.44,,M,Other Barehand Routines,D
WILCZY?SKI Maciej Bart?Omiej,POL,8.39,,M,Other Barehand Routines,D
MONYAMA Maile Elvis,ZAF,8.32,,M,Other Barehand Routines,D
SUI Tianqi,CHN,8.07,,M,Other Barehand Routines,D
PAPAEFTHYMIOU Konstantinos,GRC,7.7,,M,Other Barehand Routines,D
AKYUZ Necmett?N Erbakan,TUR,(DNS),,M,Other Barehand Routines,D
NASR IBRAHIM Taw?k Mossad Salem,EGY,(DNS),,M,Other Barehand Routines,D
WONG Cho Wai Gabriel,HKG,(DNS),,M,Other Barehand Routines,D
RADULESCU Dan Mihai,ROU,(DNS),,M,Other Barehand Routines,D
SCHUR CHEN Annie,FRA,8.62,1ST Prize,W,Other Double Weapon Routines,A/B/C
MENA TORRES Michelle,MEX,8.58,1ST Prize,W,Other Double Weapon Routines,A/B/C
BRAYTON Mariella Tsan-Ling,USA,8.57,1ST Prize,W,Other Double Weapon Routines,A/B/C
MARCEL Daniela Mckenzie,USA,8.56,2ND Prize,W,Other Double Weapon Routines,A/B/C
ZHAO Hailey Hu,USA,8.54,2ND Prize,W,Other Double Weapon Routines,A/B/C
VAN DER MESCHT Kitana Cora,ZAF,8.52,2ND Prize,W,Other Double Weapon Routines,A/B/C
HUANG Susie,HKG,8.52,3RD Prize,W,Other Double Weapon Routines,A/B/C
TOUROUTSIKA Christina,GRC,8.49,3RD Prize,W,Other Double Weapon Routines,A/B/C
LEONG Wai Lam,MAC,8.47,3RD Prize,W,Other Double Weapon Routines,A/B/C
DING Sabrina,USA,8.45,3RD Prize,W,Other Double Weapon Routines,A/B/C
CHEN Haoran,SGP,8.45,3RD Prize,W,Other Double Weapon Routines,A/B/C
SHIBATA Riin,JPN,8.43,,W,Other Double Weapon Routines,A/B/C
BANCOS Ema Alexandra,ROU,8.42,,W,Other Double Weapon Routines,A/B/C
PANAGOPOULOY Kyriaki,GRC,8.42,,W,Other Double Weapon Routines,A/B/C
CHONG Shin Yu,MYS,8.41,,W,Other Double Weapon Routines,A/B/C
DUMITRU Ana Maria,ROU,8.34,,W,Other Double Weapon Routines,A/B/C
GORDON Ayla Nunnehi,USA,(DNS),,W,Other Double Weapon Routines,A/B/C
AKYUZ Ayse Sude,TUR,8.7,1ST Prize,W,Shuangjian,C
WONG Man Ting,HKG,8.64,2ND Prize,W,Shuangjian,C
HUANG Sophie Qianshu,USA,8.55,3RD Prize,W,Shuangjian,C
JRIBI Chourouk,TUN,8.53,3RD Prize,W,Shuangjian,C
LY Elva Elizabeth,USA,8.51,,W,Shuangjian,C
LI Winifred Zhen Ping,USA,8.49,1ST Prize,W,Other Single/Soft Weapon Routines,A/B
LIM Verna,MYS,8.48,1ST Prize,W,Other Single/Soft Weapon Routines,A/B
ARUTYUNJAN Aurora,HUN,8.47,1ST Prize,W,Other Single/Soft Weapon Routines,A/B
WU Kai Yee,HKG,8.42,1ST Prize,W,Other Single/Soft Weapon Routines,A/B
KONG Yean Thong,MYS,8.41,2ND Prize,W,Other Single/Soft Weapon Routines,A/B
KARMEN ADEL Rashad Khater,EGY,8.4,2ND Prize,W,Other Single/Soft Weapon Routines,A/B
SYAIDHA Hajarah,MYS,8.38,2ND Prize,W,Other Single/Soft Weapon Routines,A/B
TRAIZE Arina,KAZ,8.36,2ND Prize,W,Other Single/Soft Weapon Routines,A/B
SILVA VIANA Layla Ketelen,BRA,8.35,3RD Prize,W,Other Single/Soft Weapon Routines,A/B
ARUTYUNJAN Adelaida,HUN,8.34,3RD Prize,W,Other Single/Soft Weapon Routines,A/B
HAO Cindy Yuan,USA,8.33,3RD Prize,W,Other Single/Soft Weapon Routines,A/B
ARAUZ NIEVES Luciana,MEX,8.31,3RD Prize,W,Other Single/Soft Weapon Routines,A/B
MATOS RODRIGUES Ana Carla,BRA,8.29,3RD Prize,W,Other Single/Soft Weapon Routines,A/B
BREZETOU Lydia,GRC,8.27,3RD Prize,W,Other Single/Soft Weapon Routines,A/B
JIN Yinuo,CAN,8.25,,W,Other Single/Soft Weapon Routines,A/B
ILIE So?a Maria,ROU,8.21,,W,Other Single/Soft Weapon Routines,A/B
HUANACUNI PINEDO Pakari Nayra,BOL,8.11,,W,Other Single/Soft Weapon Routines,A/B
SILVA CONCEICAO Lorena,BRA,8.1,,W,Other Single/Soft Weapon Routines,A/B
SHEN Caitlyn,USA,6.55,,W,Other Single/Soft Weapon Routines,A/B
CHANDRASEKARA JAYARATHNA MUDIYANSELAGE Gimhani Akarshana Bogollagama,LKA,(DNS),,W,Other Single/Soft Weapon Routines,A/B
LUU Pham Thanh Thanh,VNM,8.56,1ST Prize,W,Dao (Broadsword),C
MAXUTOVA Zarina,KAZ,8.49,2ND Prize,W,Dao (Broadsword),C
BASSI Giulia,ITA,8.47,3RD Prize,W,Dao (Broadsword),C
WONG Zhong Wei,MYS,8.46,3RD Prize,W,Dao (Broadsword),C
MARRA Lara,ITA,8.45,,W,Dao (Broadsword),C
AVAGYAN Siranush,ARM,8.44,,W,Dao (Broadsword),C
MICHOU Despoina,GRC,8.4,,W,Dao (Broadsword),C
PUZIS Nikol,ISR,(DNS),,W,Dao (Broadsword),C
BALASOVA An?sa,LVA,8.69,1ST Prize,W,Gun (Cudgel/Sta?),C
FOTINOGIANNOPOULOU Konstantina,GRC,8.66,1ST Prize,W,Gun (Cudgel/Sta?),C
BERIY Michal,ISR,8.65,2ND Prize,W,Gun (Cudgel/Sta?),C
MALAK MOHAMED Omar Montasser,EGY,8.6,2ND Prize,W,Gun (Cudgel/Sta?),C
HOANG Vy Yen Nhi,VNM,8.59,2ND Prize,W,Gun (Cudgel/Sta?),C
SPYRIDOU Melina,GRC,8.58,3RD Prize,W,Gun (Cudgel/Sta?),C
CHUKANOVA Kristina,UKR,8.57,3RD Prize,W,Gun (Cudgel/Sta?),C
KOURTIDOU Ioanna Nefeli,GRC,8.55,3RD Prize,W,Gun (Cudgel/Sta?),C
SILBERSTEIN Mia Jacquelyn,USA,8.52,3RD Prize,W,Gun (Cudgel/Sta?),C
HAO Youyang,USA,8.51,3RD Prize,W,Gun (Cudgel/Sta?),C
FIETZE Mila Claryssa Esselen,ZAF,8.5,,W,Gun (Cudgel/Sta?),C
MALAK IBRAHIM Abouelmaati Mohamed,EGY,8.47,,W,Gun (Cudgel/Sta?),C
GEORGA Eleni Anna,GRC,8.44,,W,Gun (Cudgel/Sta?),C
?ELE?OVÁ Diana,SVK,8.42,,W,Gun (Cudgel/Sta?),C
YU Ellany,USA,8.4,,W,Gun (Cudgel/Sta?),C
MTSHALI Uthembekile,ZAF,8.27,,W,Gun (Cudgel/Sta?),C
SINHALA PELI GEDARA Tanisha Keshavi Nawangi Ranasingha,LKA,7.93,,W,Gun (Cudgel/Sta?),C
APKHAZAVA Sopiko,GEO,8.67,1ST Prize,W,Jian (Straight Sword),C
ARZIANI Mariam,GEO,8.6,2ND Prize,W,Jian (Straight Sword),C
FRENEKL Sasha,ISR,8.59,2ND Prize,W,Jian (Straight Sword),C
SONOWAL Kashyapi,IND,8.52,2ND Prize,W,Jian (Straight Sword),C
MUKHAMETOVA Aidana,KAZ,8.51,3RD Prize,W,Jian (Straight Sword),C
ARUTYUNJAN Anna Maria,HUN,8.5,3RD Prize,W,Jian (Straight Sword),C
COSKUN Ayse Sina,TUR,8.48,3RD Prize,W,Jian (Straight Sword),C
MASKOVA Anna,CZE,8.47,3RD Prize,W,Jian (Straight Sword),C
LAM Xue Ying,MYS,8.45,,W,Jian (Straight Sword),C
RABICO VIDEIRA Maria,PRT,8.42,,W,Jian (Straight Sword),C
LOBITZ Adel,HUN,8.39,,W,Jian (Straight Sword),C
DABUKA GEDARA Therani Nehara Thilakarathne,LKA,8.3,,W,Jian (Straight Sword),C
TAMPAKI Dimitra,GRC,8.26,,W,Jian (Straight Sword),C
ZIPOR Galia,ISR,(DNS),,W,Jian (Straight Sword),C
JAZMIN Alag,MYS,8.56,1ST Prize,W,Nandao (Southern Broadsword),C
ALTUN Sude Merve,TUR,8.52,2ND Prize,W,Nandao (Southern Broadsword),C
NEDELEA Ana Maria,ROU,8.48,3RD Prize,W,Nandao (Southern Broadsword),C
WIJESUNDARA MUDIYANSELAGE Matheesha Gimhani Wijesundara,LKA,8.46,3RD Prize,W,Nandao (Southern Broadsword),C
HUANG Emma Mei,USA,8.4,,W,Nandao (Southern Broadsword),C
KOGAN Erika,ISR,8.7,1ST Prize,W,Shanzi (Fan),C
LAM Weng San,MAC,8.65,2ND Prize,W,Shanzi (Fan),C
SPULE Estere So?ja,LVA,8.63,3RD Prize,W,Shanzi (Fan),C
VLADAREANU Gabriela,ROU,8.56,3RD Prize,W,Shanzi (Fan),C
NADARIO FREITAS Maria Eduarda,BRA,8.51,,W,Shanzi (Fan),C
LY Kayla Caroling,USA,8.43,,W,Shanzi (Fan),C
ZHANG Ashley Youran,USA,8.25,,W,Shanzi (Fan),C
JASLYN TAN Yu Ching,MYS,(DNS),,W,Shanzi (Fan),C
POINT Flora,FRA,(DNS),,W,Shanzi (Fan),C
DING Catrina,USA,8.62,1ST Prize,W,Other Single/Soft Weapon Routines,C
LEOW Le Yi Edda,SGP,8.59,2ND Prize,W,Other Single/Soft Weapon Routines,C
WANG Joy Zy,USA,8.58,2ND Prize,W,Other Single/Soft Weapon Routines,C
LOK Mai Cheng,MAC,8.57,2ND Prize,W,Other Single/Soft Weapon Routines,C
LEE Hiu Ching,HKG,8.56,3RD Prize,W,Other Single/Soft Weapon Routines,C
SHAW Phylicia Boxi,USA,8.54,3RD Prize,W,Other Single/Soft Weapon Routines,C
FIALOVA Barbora,CZE,8.51,3RD Prize,W,Other Single/Soft Weapon Routines,C
AISPURO BRINGAS Marisol Guadalupe,MEX,8.5,3RD Prize,W,Other Single/Soft Weapon Routines,C
Lilly May WRIGHT,GBR,8.49,,W,Other Single/Soft Weapon Routines,C
MO Emily Dongli,USA,8.48,,W,Other Single/Soft Weapon Routines,C
RANCY HAMED Zaki Hamed,EGY,8.45,,W,Other Single/Soft Weapon Routines,C
SHIBATA Kanon,JPN,8.41,,W,Other Single/Soft Weapon Routines,C
KHUVINDAHANDI Shavindi Ayodhya De Silva,LKA,8.32,,W,Other Single/Soft Weapon Routines,C
MEEGODA KANKANAMGE DON Dinari Sineli Meegoda,LKA,8.23,,W,Other Single/Soft Weapon Routines,C
TARTUFOLI Alessia,ITA,8.67,1ST Prize,W,Dao (Broadsword),D
ABIS Sonia,ITA,8.64,2ND Prize,W,Dao (Broadsword),D
DOS SANTOS DE ARAÚJO Raquel,BRA,8.59,2ND Prize,W,Dao (Broadsword),D
LE Tran Bao Tran,VNM,8.57,3RD Prize,W,Dao (Broadsword),D
LIONTOU Ioanna,GRC,8.56,3RD Prize,W,Dao (Broadsword),D
Patricia FERNANDES LULIA JACOB,GBR,8.51,3RD Prize,W,Dao (Broadsword),D
PAPAGEORGOPOULOU Marina,GRC,8.49,,W,Dao (Broadsword),D
HORVÁTH Dora Timea,HUN,8.46,,W,Dao (Broadsword),D
TREJO ROMAN Liliana,MEX,8.43,,W,Dao (Broadsword),D
ZHOU Lin,CHN,8.72,1ST Prize,W,Gun (Cudgel/Sta?),D
AKYUZ Zeynep Makbule,TUR,8.68,2ND Prize,W,Gun (Cudgel/Sta?),D
JASMINE TAY Jing Xuan,MYS,8.66,2ND Prize,W,Gun (Cudgel/Sta?),D
KUSPANOVA Dayana,KAZ,8.62,3RD Prize,W,Gun (Cudgel/Sta?),D
PISANI Teresa Aida,ITA,8.59,3RD Prize,W,Gun (Cudgel/Sta?),D
Ashleigh Nicola Jade WYKES,GBR,8.49,3RD Prize,W,Gun (Cudgel/Sta?),D
BAHODUROVA Firuzakhon,TJK,8.41,,W,Gun (Cudgel/Sta?),D
CIECHANOWSKA Magdalena Katarzyna,POL,8.4,,W,Gun (Cudgel/Sta?),D
GRAÇA OLIVEIRA CATARINO GONÇALVES Carolina Maria,PRT,8.36,,W,Gun (Cudgel/Sta?),D
SAFRONOVA Jekaterina,LVA,8.32,,W,Gun (Cudgel/Sta?),D
DUAN Yuan,CHN,9,1ST Prize,W,Jian (Straight Sword),D
POLTORATSKA Yana,UKR,8.65,2ND Prize,W,Jian (Straight Sword),D
KRON Yoni Shan Marina,DEU,8.6,2ND Prize,W,Jian (Straight Sword),D
OKUN Carmel,ISR,8.59,2ND Prize,W,Jian (Straight Sword),D
LE Gia Han,VNM,8.58,3RD Prize,W,Jian (Straight Sword),D
WONG Amy Ka-Lai,USA,8.55,3RD Prize,W,Jian (Straight Sword),D
BEKIARI Maria Ioanna,GRC,8.52,3RD Prize,W,Jian (Straight Sword),D
MALAHOVA Polina,LVA,8.5,3RD Prize,W,Jian (Straight Sword),D
VIZI Enik?,HUN,8.48,,W,Jian (Straight Sword),D
KUN Enik?,HUN,8.47,,W,Jian (Straight Sword),D
WESTERMAN Megan Ruth,USA,8.45,,W,Jian (Straight Sword),D
VILLALONGA SEBASTIA Elena,ESP,8.43,,W,Jian (Straight Sword),D
GUEVARA PINEDO Wara Lucero,BOL,8.41,,W,Jian (Straight Sword),D
HENEGAMA MILLAGASANGE GEDARA Thiyangi Dimalsha Weerasinghe,LKA,8.4,,W,Jian (Straight Sword),D
AIT ZERROUK Melissa,DZA,(DNS),,W,Jian (Straight Sword),D
LEE Wing Yung,HKG,9,1ST Prize,W,Nandao (Southern Broadsword),D
LEE Sze Min Josephine,SGP,8.8,2ND Prize,W,Nandao (Southern Broadsword),D
KALUARACHCHI Devni Chamodya,SGP,8.71,3RD Prize,W,Nandao (Southern Broadsword),D
KAUR Karamjit,IND,8.6,3RD Prize,W,Nandao (Southern Broadsword),D
FRANCO Luna Magdalena,USA,8.59,,W,Nandao (Southern Broadsword),D
RYCHLEWSKA Emila Marta,POL,8.57,,W,Nandao (Southern Broadsword),D
SIMON Viktoria,HUN,8.8,1ST Prize,W,Shanzi (Fan),D
LAMPADA Maria,GRC,8.61,2ND Prize,W,Shanzi (Fan),D
Myrsini Chionia CHRISTODOULELLI,GBR,8.59,3RD Prize,W,Shanzi (Fan),D
PATTARO DE MENDONÇA Solange,BRA,8.57,3RD Prize,W,Shanzi (Fan),D
VATZAKA Christina,GRC,8.56,,W,Shanzi (Fan),D
LI Hao,HKG,8.66,1ST Prize,M,posture Taijijian,C
TAN En Jie,SGP,8.64,2ND Prize,M,posture Taijijian,C
CHOW Yu Hong,HKG,8.62,3RD Prize,M,posture Taijijian,C
SEAH Jun Xiang Dylan,SGP,8.61,3RD Prize,M,posture Taijijian,C
WONG Kadyn,USA,8.55,,M,posture Taijijian,C
NGUYEN Khac Le Hoang,VNM,8.7,1ST Prize,M,Other Taijijian/Taijidao/Taijishan,B/C
JOHN SAAD Amoun Mocus,EGY,8.57,1ST Prize,M,Other Taijijian/Taijidao/Taijishan,B/C
MURENU Matteo,ITA,8.5,1ST Prize,M,Other Taijijian/Taijidao/Taijishan,B/C
DONG Lucas Bogang,USA,8.45,2ND Prize,M,Other Taijijian/Taijidao/Taijishan,B/C
KARUNANAYAKA MUDIYANSELAGE Anuja Chamod,LKA,8.42,2ND Prize,M,Other Taijijian/Taijidao/Taijishan,B/C
IMI ARACHILLAGE Anuhas Chandupa Ranaweera,LKA,8.4,2ND Prize,M,Other Taijijian/Taijidao/Taijishan,B/C
JAYASUNDARA Pemitha Randes,LKA,8.35,3RD Prize,M,Other Taijijian/Taijidao/Taijishan,B/C
ZHANG Donghe,USA,8.14,3RD Prize,M,Other Taijijian/Taijidao/Taijishan,B/C
ROGOVEANU Dario,ROU,7.96,3RD Prize,M,Other Taijijian/Taijidao/Taijishan,B/C
ROGOVEANU David,ROU,7.95,3RD Prize,M,Other Taijijian/Taijidao/Taijishan,B/C
YING Ruoxiang,CAN,7.92,,M,Other Taijijian/Taijidao/Taijishan,B/C
GRAD George Raul,ROU,7.91,,M,Other Taijijian/Taijidao/Taijishan,B/C
GAJANAYAKA MUDALIGE Lakidu Himsara Gajanayaka,LKA,7.89,,M,Other Taijijian/Taijidao/Taijishan,B/C
TECI Alexandra Jasmine,ROU,(DNS),,M,Other Taijijian/Taijidao/Taijishan,B/C
JIN Yinuo,CAN,(DNS),,M,Other Taijijian/Taijidao/Taijishan,B/C
ZHENG Zhichao,CHN,8.86,1ST Prize,M,Other Taijijian Routines,D
YEUNG Chung Hei,HKG,8.81,1ST Prize,M,Other Taijijian Routines,D
LEUNG Yat Sing,HKG,8.77,2ND Prize,M,Other Taijijian Routines,D
TRAN Phan Anh Tuan,VNM,8.76,2ND Prize,M,Other Taijijian Routines,D
CHUANG Tate Mathew,PHL,8.74,2ND Prize,M,Other Taijijian Routines,D
LOEIS Erick Citra,IDN,8.74,2ND Prize,M,Other Taijijian Routines,D
LI Shaoyue,MAC,8.69,3RD Prize,M,Other Taijijian Routines,D
HESHAM NABIL Abdelnabi Mohamed,EGY,8.66,3RD Prize,M,Other Taijijian Routines,D
BISONI Gianluigi,ITA,8.63,3RD Prize,M,Other Taijijian Routines,D
JANSEN Kai Frank,DEU,8.62,3RD Prize,M,Other Taijijian Routines,D
BHATI Shivam,IND,8.61,3RD Prize,M,Other Taijijian Routines,D
JAYASEKARA MUDALIGE Hirusha Madushanka Jayasekara,LKA,8.6,3RD Prize,M,Other Taijijian Routines,D
KOJIMA Ryuhei,JPN,8.58,,M,Other Taijijian Routines,D
HUYNH Christoph Ngoc-Son,DEU,8.56,,M,Other Taijijian Routines,D
NOVOTNY Lukas,CZE,8.56,,M,Other Taijijian Routines,D
DU PLESSIS Alexander Dirk,ZAF,8.51,,M,Other Taijijian Routines,D
SIMON GARCIA Mario,ESP,8.49,,M,Other Taijijian Routines,D
FERREIRA PENSE William,BRA,8.37,,M,Other Taijijian Routines,D
SANT'ANNA LIMA DE ALMEIDA Gabriel Guarino,BRA,8.31,,M,Other Taijijian Routines,D
LIN Sanzhe,FRA,8.7,1ST Prize,M,Taijishan/Taijidao Routines,D/E
SAT Pak Long,HKG,8.69,2ND Prize,M,Taijishan/Taijidao Routines,D/E
NUŃEZ ALARCON Rafael Ignacio,CHL,8.57,3RD Prize,M,Taijishan/Taijidao Routines,D/E
HOREJS Milan,CZE,8.55,3RD Prize,M,Taijishan/Taijidao Routines,D/E
ZANINI Caio,BRA,8.51,,M,Taijishan/Taijidao Routines,D/E
PODAKANTI Satyajith Chary,IND,8.5,,M,Taijishan/Taijidao Routines,D/E
AIT-ZERROUK Karim,DZA,(DNS),,M,Taijishan/Taijidao Routines,D/E
HU Liqing,CHN,8.76,1ST Prize,M,Other Taijijian Routines,E
LIM Che How,SGP,8.7,1ST Prize,M,Other Taijijian Routines,E
TAY Ah Huat,SGP,8.67,2ND Prize,M,Other Taijijian Routines,E
YAN Haichun,CHN,8.64,2ND Prize,M,Other Taijijian Routines,E
FU Nengbin,CHN,8.63,2ND Prize,M,Other Taijijian Routines,E
ZHANG Cheng,USA,8.62,2ND Prize,M,Other Taijijian Routines,E
VLASENKO Romans,LVA,8.59,3RD Prize,M,Other Taijijian Routines,E
SLAMKA Michal,SVK,8.58,3RD Prize,M,Other Taijijian Routines,E
ORICCHIO Alexandre Maximilien Marc,CHE,8.57,3RD Prize,M,Other Taijijian Routines,E
TIAN Chunyang,MAC,8.56,3RD Prize,M,Other Taijijian Routines,E
SUMBULASHVILI Lasha,GEO,8.51,3RD Prize,M,Other Taijijian Routines,E
BROWN Mitchell Alexander Leon,AUS,8.51,,M,Other Taijijian Routines,E
NIKISINS Aleksejs,LVA,8.5,,M,Other Taijijian Routines,E
HERATH MUDIYANSELAGE Ananda Kumara,LKA,8.48,,M,Other Taijijian Routines,E
DYBICZ Tomasz Jacek,POL,8.48,,M,Other Taijijian Routines,E
BERRY Brett James,ZAF,8.47,,M,Other Taijijian Routines,E
FERNANDO Punchividanelage Mahesh Deepal,LKA,8.45,,M,Other Taijijian Routines,E
HAUSKA Jiri,CZE,8.27,,M,Other Taijijian Routines,E
1STAMATOPOULOS Grigorios,GRC,(DNS),,M,Other Taijijian Routines,E
ZHANG Qianqiu,CHN,8.79,1ST Prize,M,Taijidao,E
ANG Boon Seng Royce,SGP,8.66,2ND Prize,M,Taijidao,E
MARTINS GONCALVES Marco Antonio,PRT,8.51,3RD Prize,M,Taijidao,E
LOPEZ MORENO Raul,ESP,8.5,3RD Prize,M,Taijidao,E
MIHAILA Claudiu,ROU,8.29,,M,Taijidao,E
ZHOU Xu,CAN,8.25,,M,Taijidao,E
LON Weng Kam,MAC,8.61,1ST Prize,M,Taijijian,F
NIŃO ORTEGA Eloy Alberto,ESP,8.55,2ND Prize,M,Taijijian,F
LEHMANN Nicholas Du?,USA,8.51,3RD Prize,M,Taijijian,F
LO Wing Kit Albert,AUS,8.46,3RD Prize,M,Taijijian,F
CHAN Han Yeh,AUS,8.38,,M,Taijijian,F
DONG Dennis Bokui,USA,8.47,1ST Prize,M,Other Double Weapon Routines,A/B
WENG Linxu,SGP,8.42,2ND Prize,M,Other Double Weapon Routines,A/B
YAP Jun Kai,MYS,8.41,3RD Prize,M,Other Double Weapon Routines,A/B
WANG Allan Chenxi,USA,8.4,3RD Prize,M,Other Double Weapon Routines,A/B
ZHANG Jason,USA,8.33,,M,Other Double Weapon Routines,A/B
CHIN Shawn,MYS,8.29,,M,Other Double Weapon Routines,A/B
CHAN Fengze,MAC,8.47,1ST Prize,M,Other Single Weapon Routines,B
HE Dragon,USA,8.46,1ST Prize,M,Other Single Weapon Routines,B
FRENKEL David,ISR,8.44,2ND Prize,M,Other Single Weapon Routines,B
MOHAMED IBRAHIM Mohamed Mokhtar,EGY,8.42,2ND Prize,M,Other Single Weapon Routines,B
TAN Qi Han Darren,SGP,8.41,3RD Prize,M,Other Single Weapon Routines,B
ZWAAL Jan Joris,NLD,8.4,3RD Prize,M,Other Single Weapon Routines,B
HUANACUNI PINEDO Huaskar Soriam,BOL,8.37,3RD Prize,M,Other Single Weapon Routines,B
ZHOU Zichin,AUS,8.31,,M,Other Single Weapon Routines,B
RAZO ACOSTA Jose Luis,MEX,8.24,,M,Other Single Weapon Routines,B
TORRES RODRIGUEZ Mario Rafael,MEX,8.1,,M,Other Single Weapon Routines,B
LEON RAZNATOVIC Darko Alejandro,BOL,(DNS),,M,Other Single Weapon Routines,B
OMAR EMAD Shehata Tony,EGY,8.67,1ST Prize,M,Shuangdao (Double Broadsword),C
ZHENG Lin,USA,8.66,2ND Prize,M,Shuangdao (Double Broadsword),C
ALVAREZ RUIZ Mario Alejandro,MEX,8.64,2ND Prize,M,Shuangdao (Double Broadsword),C
LI Jasper Zhen Bao,USA,8.61,3RD Prize,M,Shuangdao (Double Broadsword),C
Jack William CALDICOTT,GBR,8.59,3RD Prize,M,Shuangdao (Double Broadsword),C
CHEOK Wa Weng,MAC,8.53,,M,Shuangdao (Double Broadsword),C
TOUROUTSIKAS Panagiotis,GRC,8.51,,M,Shuangdao (Double Broadsword),C
ZHADIGER Alkarim,KAZ,8.49,,M,Shuangdao (Double Broadsword),C
LI Chengrui,USA,(DNS),,M,Shuangdao (Double Broadsword),C
WANG Justin Xuming,USA,8.95,1ST Prize,M,Other Double Weapon Routines,C
JULLIAN Banyan Noel Yu Hai,USA,8.75,2ND Prize,M,Other Double Weapon Routines,C
LEI Wang Chun,HKG,8.65,2ND Prize,M,Other Double Weapon Routines,C
VIRO Lazuardi Jana,IDN,8.55,3RD Prize,M,Other Double Weapon Routines,C
DINCU Mihai Daniel,ROU,8.55,3RD Prize,M,Other Double Weapon Routines,C
HUANG Daniel Jiang,USA,8.54,3RD Prize,M,Other Double Weapon Routines,C
Matthew Carleton WRIGHT,GBR,8.53,,M,Other Double Weapon Routines,C
DERZKO Franciszek Jan,POL,8.51,,M,Other Double Weapon Routines,C
MOHAMED AHMED Fathalla Taha,EGY,8.44,,M,Other Double Weapon Routines,C
MENDEZ COBA Jose Fernando,MEX,8.42,,M,Other Double Weapon Routines,C
YOSHIDA Yuhi,JPN,7.64,,M,Other Double Weapon Routines,C
LIU Albert,USA,8.79,1ST Prize,M,Jiujiebian (Nine Section Whip Chain),C
WONG Kaden Dan,USA,8.75,2ND Prize,M,Jiujiebian (Nine Section Whip Chain),C
Junayde Ilhan GUVEN,GBR,8.65,3RD Prize,M,Jiujiebian (Nine Section Whip Chain),C
LU Kelvin Yu,USA,8.58,3RD Prize,M,Jiujiebian (Nine Section Whip Chain),C
BAI Lawren,USA,8.41,,M,Jiujiebian (Nine Section Whip Chain),C
LEW Casey Tianyu,USA,8.7,2ND Prize,M,Other Soft Weapon Routines,C
YEUNG Cheuk Yin,HKG,8.69,3RD Prize,M,Other Soft Weapon Routines,C
LEUNG Wai Man,HKG,8.5,,M,Other Soft Weapon Routines,C
HUANG Samuel Jiang,USA,8.48,,M,Other Soft Weapon Routines,C
TEMIME Yazid,DZA,(DNS),,M,Other Soft Weapon Routines,C
BOUKHENNOUFA Yacine,DZA,(DNS),,M,Other Soft Weapon Routines,C
WU Brad Tianzhou,USA,(DNS),,M,Other Soft Weapon Routines,C
BILUT Tomasz,POL,8.71,1ST Prize,M,Shuangbishou (Double Daggers),D
NG Shao Chun,SGP,8.7,2ND Prize,M,Shuangbishou (Double Daggers),D
IOANA Mihai,ROU,8.63,3RD Prize,M,Shuangbishou (Double Daggers),D
CHOI Alexander Martin,USA,8.52,3RD Prize,M,Shuangbishou (Double Daggers),D
DAOUDI Moubarak,BEL,8.51,,M,Shuangbishou (Double Daggers),D
ZHARUN Maksym,UKR,9.1,1ST Prize,M,Shuangdao (Double Broadsword),D
KRYSKO Viacheslav,UKR,9.07,2ND Prize,M,Shuangdao (Double Broadsword),D
CHEN Jinsong,HKG,9,2ND Prize,M,Shuangdao (Double Broadsword),D
RAJPUT Rajat,IND,8.7,3RD Prize,M,Shuangdao (Double Broadsword),D
ZEDDA Valerio,ITA,8.66,3RD Prize,M,Shuangdao (Double Broadsword),D
KARWOWSKI Jakub,POL,8.6,3RD Prize,M,Shuangdao (Double Broadsword),D
CALADO GUERREIRO Salvador,PRT,8.6,,M,Shuangdao (Double Broadsword),D
LEGASPI Regin Ryan Ralleca,AUS,8.56,,M,Shuangdao (Double Broadsword),D
SZPOCZEK Micha? Krzysztof,POL,8.51,,M,Shuangdao (Double Broadsword),D
WANG Qianlong,CHN,8.9,1ST Prize,M,Other Double Weapon Routines,D
NASR IBRAHIM Taw?k Mossad Salem,EGY,8.89,1ST Prize,M,Other Double Weapon Routines,D
YANG Xu,CHN,8.87,2ND Prize,M,Other Double Weapon Routines,D
ZHANG Yuyang,CHN,8.84,2ND Prize,M,Other Double Weapon Routines,D
PAPAEFTHYMIOU Konstantinos,GRC,8.81,2ND Prize,M,Other Double Weapon Routines,D
DE OLIVEIRA MANACERO Miguel,BRA,8.8,3RD Prize,M,Other Double Weapon Routines,D
KOLISNYK Oleksii,UKR,8.79,3RD Prize,M,Other Double Weapon Routines,D
WONG Cho Wai Gabriel,HKG,8.76,3RD Prize,M,Other Double Weapon Routines,D
CHOONG Chee Wei,MYS,8.76,3RD Prize,M,Other Double Weapon Routines,D
JURAEV Abbos,TJK,8.63,3RD Prize,M,Other Double Weapon Routines,D
ARISTIDE Julien,FRA,8.6,,M,Other Double Weapon Routines,D
SIGMON Kirk Allen,USA,8.55,,M,Other Double Weapon Routines,D
IANA Mihail Alexandru,ROU,8.54,,M,Other Double Weapon Routines,D
CHARLES Sutanto,IDN,0,,M,Other Double Weapon Routines,D
OLIINYK Andrii,UKR,0,,M,Other Double Weapon Routines,D
CHAN Tsz Sa,HKG,8.68,1ST Prize,W,posture Taijijian,C
PARADIUK Vanessa Weronika,POL,8.62,2ND Prize,W,posture Taijijian,C
ELLIE SHERIF Magdy Eskander,EGY,8.58,3RD Prize,W,posture Taijijian,C
MAQUILAN Alessandra May,PHL,8.57,3RD Prize,W,posture Taijijian,C
MENDIS AMARASEKERA Samadhee Prathibha,LKA,8.46,,W,posture Taijijian,C
IMBULAPITIYE GEDARA Pramodya Sewmini Rathnayake,LKA,8.4,,W,posture Taijijian,C
ANNIS Beatrice,ITA,8.58,1ST Prize,W,Taijijian,C
KUZEMBAY Aiymzhan,KAZ,8.51,2ND Prize,W,Taijijian,C
BELEAN Oana Vasilica,ROU,8.49,2ND Prize,W,Taijijian,C
LEE MO LIN Estelle Shannon Lian Chu,MUS,8.46,3RD Prize,W,Taijijian,C
LABONI YONG Poi Qa,MYS,8.45,3RD Prize,W,Taijijian,C
TECI Alexandra Jasmine,ROU,8.41,,W,Taijijian,C
CHONG CHAP SIN Marie Kim Lan,MUS,8.4,,W,Taijijian,C
SOWARUTH Dishita,MUS,8.34,,W,Taijijian,C
COKHAMUR Ecrin,TUR,(DNS),,W,Taijijian,C
KOLISNYK Mariia,UKR,(DNS),,W,Taijijian,C
PAN Qiaoshan,CHN,8.84,1ST Prize,W,posture Taijijian,D
YEUNG Debbie,HKG,8.7,2ND Prize,W,posture Taijijian,D
ANASTASIU Denisa Ruxandra,ROU,8.66,3RD Prize,W,posture Taijijian,D
VALENTIM UEMOTO Katemann Akemi,BRA,8.62,3RD Prize,W,posture Taijijian,D
PAVAN Beatriz Danielle,BRA,8.53,,W,posture Taijijian,D
DAUNDASEKARA MUDIYANSELAGE Sachari Lanka,LKA,8.32,,W,posture Taijijian,D
WANG Shiyu,CHN,8.77,1ST Prize,W,Taijijian,D
AU-YEUNG Pui Yue,HKG,8.7,2ND Prize,W,Taijijian,D
HUNG Si Fan,MAC,8.65,2ND Prize,W,Taijijian,D
IVANOVA Oryna,UKR,8.65,3RD Prize,W,Taijijian,D
WAI Pui Cheng,MAC,8.62,3RD Prize,W,Taijijian,D
KUBIAK Anna Maria,POL,8.56,3RD Prize,W,Taijijian,D
WONG KAM LAN Jessica Rachel,MUS,8.53,,W,Taijijian,D
CHIKHLADZE Nino,GEO,8.52,,W,Taijijian,D
HEIDTMANN Anna Paulina,DEU,8.5,,W,Taijijian,D
FOSSA Enrica,ITA,8.46,,W,Taijijian,D
YAN Ningning,CHN,8.82,1ST Prize,W,Taijishan,D
TAY Kai Xin Ranice,SGP,8.73,2ND Prize,W,Taijishan,D
GRINDEANU Sonia,ROU,8.64,2ND Prize,W,Taijishan,D
CHEUNG Ophil,HKG,8.51,3RD Prize,W,Taijishan,D
ROMERO Shaman,FRA,8.47,3RD Prize,W,Taijishan,D
SHARMA Abhigya,IND,8.41,,W,Taijishan,D
NIŃO GONZALEZ Alba,ESP,8.14,,W,Taijishan,D
HUANACUNI BALDIVIESO Maya Melisa,BOL,8.1,,W,Taijishan,D
NG Chiew Yen,SGP,8.7,1ST Prize,W,Other Taijijian Routines,E
GABESKIRIA Maka,GEO,8.61,2ND Prize,W,Other Taijijian Routines,E
NESHCHERET Natalia,KGZ,8.55,2ND Prize,W,Other Taijijian Routines,E
TRAN CONG Francine,FRA,8.54,3RD Prize,W,Other Taijijian Routines,E
ZHU-HIPTMAIR Guirong,CHE,8.53,3RD Prize,W,Other Taijijian Routines,E
ZHIGALKINA Tatyana,KAZ,8.52,3RD Prize,W,Other Taijijian Routines,E
YANG Lili,USA,8.5,,W,Other Taijijian Routines,E
ROVIRA-ALVAREZ Nelly Esther,USA,8.49,,W,Other Taijijian Routines,E
KLEJCHOVÁ Michaela,SVK,8.44,,W,Other Taijijian Routines,E
UEDA Mikiko,JPN,8.43,,W,Other Taijijian Routines,E
GUEDES Marta Denise,BRA,(DNS),,W,Other Taijijian Routines,E
JASLYN TAN Yu Ching,MYS,8.59,1ST Prize,W,Other Taiji Weapon Routines,C/E
CHAO Haiya,CHN,8.58,2ND Prize,W,Other Taiji Weapon Routines,C/E
1STANKOVA Marketa,CZE,8.57,3RD Prize,W,Other Taiji Weapon Routines,C/E
POINT Flora,FRA,8.55,3RD Prize,W,Other Taiji Weapon Routines,C/E
PHAM Thi Huong,VNM,8.54,,W,Other Taiji Weapon Routines,C/E
RODRIGUES CHARNECO Mariana,PRT,8.5,,W,Other Taiji Weapon Routines,C/E
PINEDO SORUCO Cecilia Esperanza,BOL,8.47,,W,Other Taiji Weapon Routines,C/E
CHEONG Lao Leng,MAC,8.6,1ST Prize,W,Other Taijijian Routines,F
PAK Tatiana,KGZ,8.58,2ND Prize,W,Other Taijijian Routines,F
YE Kanglian,DEU,8.56,3RD Prize,W,Other Taijijian Routines,F
HAYASHI Kyoko,JPN,8.54,3RD Prize,W,Other Taijijian Routines,F
DINH Thi Thuy Lan,VNM,8.51,,W,Other Taijijian Routines,F
ZASLAWSKI Louise Edna Anne,AUS,8.45,,W,Other Taijijian Routines,F
MC CARDLE Candace Jane,ZAF,8.43,,W,Other Taijijian Routines,F
CHAN I Lo,MAC,(DNS),,W,Other Taijijian Routines,F
CHEN Yu,CHN,8.98,1ST Prize,W,Other Double Weapon Routines,D
ZHANG Xue,CHN,8.88,1ST Prize,W,Other Double Weapon Routines,D
LI Na,CHN,8.7,2ND Prize,W,Other Double Weapon Routines,D
LOW Qiu Min Elicia,SGP,8.61,2ND Prize,W,Other Double Weapon Routines,D
TAN Shi Xuan Esther,SGP,8.6,2ND Prize,W,Other Double Weapon Routines,D
TAN Wei Qing Regina,SGP,8.59,3RD Prize,W,Other Double Weapon Routines,D
DE LA ROSA LIRA Grace Guadalupe,MEX,8.54,3RD Prize,W,Other Double Weapon Routines,D
NASCIMENTO CELESTINO GUERREIRO Suelen Cristina,BRA,8.53,3RD Prize,W,Other Double Weapon Routines,D
OBEANU Mara Georgia Alina,ROU,8.52,3RD Prize,W,Other Double Weapon Routines,D
ACOSTA ORTEGA Yuliana Sarahi,MEX,8.47,3RD Prize,W,Other Double Weapon Routines,D
JACOBS Shannon Stephanie,ZAF,8.45,,W,Other Double Weapon Routines,D
ALEXANDRA Dwi Putri,IDN,8.44,,W,Other Double Weapon Routines,D
GORDON Ayla Nunnehi,USA,8.42,,W,Other Double Weapon Routines,D
SKORUPA Agnieszka Barbara,POL,8.41,,W,Other Double Weapon Routines,D
LIRA ACOSTA Andrea Sulim,MEX,8.3,,W,Other Double Weapon Routines,D
Chong Yaru,CHN,8.96,1ST Prize,W,Shuangjian,D
KRYSKO Alina,UKR,8.79,2ND Prize,W,Shuangjian,D
CHIRILIUC Anastasia,ISR,8.73,2ND Prize,W,Shuangjian,D
MOVSHOVICH Shelly,ISR,8.7,3RD Prize,W,Shuangjian,D
YANG Josepha,FRA,8.65,3RD Prize,W,Shuangjian,D
YIM Wing Tung,HKG,8.65,3RD Prize,W,Shuangjian,D
DISARO Chantal,DEU,8.59,,W,Shuangjian,D
KOKUMBEK KYZY Eles,KGZ,8.54,,W,Shuangjian,D
MEDRANO MENDOZA Yessenia Arizbeth,MEX,8.53,,W,Shuangjian,D
ONDROVI?OVÁ Lenka,SVK,8.51,,W,Shuangjian,D
HEMLI Sirine,TUN,8.4,,W,Shuangjian,D
AKYUZ Elif,TUR,(DNS),,W,Shuangjian,D
YAZYKOVA Maryna,UKR,(DNS),,W,Shuangjian,D
MATOS COSTA Mafalda,PRT,8.58,1ST Prize,W,Jian (Straight Sword),E
ARUTYUNJAN Maria,HUN,8.49,2ND Prize,W,Jian (Straight Sword),E
GAO Lin,USA,8.42,3RD Prize,W,Jian (Straight Sword),E
KONSTANTINOU Maria,GRC,8.4,3RD Prize,W,Jian (Straight Sword),E
WANG Zhong,CHN,8.31,,W,Jian (Straight Sword),E
LI Jinsong,CHN,8.72,1ST Prize,W,Other Single Weapon Routines,D
SIRTO Elisabetta,ITA,8.7,1ST Prize,W,Other Single Weapon Routines,D
NGUYEN Thi Thao Nguyen,VNM,8.66,2ND Prize,W,Other Single Weapon Routines,D
ALENCAR RIBEIRO Regina Helena,BRA,8.58,2ND Prize,W,Other Single Weapon Routines,D
HATALOVÁ Hanka,SVK,8.56,2ND Prize,W,Other Single Weapon Routines,D
BENCINI CRUZ Silvia,PRT,8.55,3RD Prize,W,Other Single Weapon Routines,D
TASHMATOVA Aisalkyn,KGZ,8.54,3RD Prize,W,Other Single Weapon Routines,D
PODAKANTI Pavithra Chary,IND,8.53,3RD Prize,W,Other Single Weapon Routines,D
NASCIMENTO CELESTINO GUERREIRO Suelen Cristina,BRA,8.52,3RD Prize,W,Other Single Weapon Routines,D
JACOBS Bianca Candice,ZAF,8.52,3RD Prize,W,Other Single Weapon Routines,D
KOKOLESI Elena,GRC,8.51,,W,Other Single Weapon Routines,D
PANECATL URQUIZA Karen Priscila,MEX,8.5,,W,Other Single Weapon Routines,D
MICU Lorena Eliana,ROU,8.48,,W,Other Single Weapon Routines,D
DU PLESSIS Nerine,ZAF,8.45,,W,Other Single Weapon Routines,D
VATZAKA Maria Eleni,GRC,8.44,,W,Other Single Weapon Routines,D
ZHU Ieng Ieng,MAC,8.26,,W,Other Single Weapon Routines,D
KEN Rui Xin,SGP,(DNS),,W,Other Single Weapon Routines,D
HEIDTMANN Anna Paulina,DEU,(DNS),,W,Other Single Weapon Routines,D
HAN Junxia,CHN,8.79,1ST Prize,W,Other Single Weapon Routines,E/F
AMIDANI SOARES DE AZEVEDO Paula,BRA,8.59,1ST Prize,W,Other Single Weapon Routines,E/F
KOKKINAKI Anna,GRC,8.57,1ST Prize,W,Other Single Weapon Routines,E/F
HO Lai Sim,MAC,8.56,2ND Prize,W,Other Single Weapon Routines,E/F
MAK Angela Jia Li,AUS,8.55,2ND Prize,W,Other Single Weapon Routines,E/F
ROMANO CARDOSO SILVESTRE Nina,BRA,8.5,2ND Prize,W,Other Single Weapon Routines,E/F
CHRYSOSTOMOU Daniela,ZAF,8.49,3RD Prize,W,Other Single Weapon Routines,E/F
Michele Maki NAKASONE,GBR,8.47,3RD Prize,W,Other Single Weapon Routines,E/F
KHOO Cheng Choo,AUS,8.45,3RD Prize,W,Other Single Weapon Routines,E/F
SERIAKOVA Liubov,KGZ,8.44,3RD Prize,W,Other Single Weapon Routines,E/F
PAVLENKO Elena,KGZ,8.42,,W,Other Single Weapon Routines,E/F
HERMANS Rosemary,AUS,8.39,,W,Other Single Weapon Routines,E/F
ROVIRA-ALVAREZ Carmen Margarita,USA,8.36,,W,Other Single Weapon Routines,E/F
TRAN CONG Francine,FRA,(DNS),,W,Other Single Weapon Routines,E/F
DAI Weilong,CHN,8.87,2ND Prize,W,Other Soft Weapon Routines,D/E
YEUNG Michelle,HKG,8.72,3RD Prize,W,Other Soft Weapon Routines,D/E
KAZAKOVA Elena,LVA,8.44,,W,Other Soft Weapon Routines,D/E
TEMIME Kahina,DZA,(DNS),,W,Other Soft Weapon Routines,D/E
MOHAND SAIDI Katia,DZA,(DNS),,W,Other Soft Weapon Routines,D/E
ENGEL Beata,POL,8.55,1ST Prize,W,Other Double Weapon Routines,E/F
RAMOS CANDEIAS Irene Regina,PRT,8.54,2ND Prize,W,Other Double Weapon Routines,E/F
DE SALES SOARES DE MELO Cristina,PRT,8.52,3RD Prize,W,Other Double Weapon Routines,E/F
PAPADOPOULOU Elisavet,GRC,8.5,3RD Prize,W,Other Double Weapon Routines,E/F
GALLARDO PAJUELO Ana,ESP,8.48,,W,Other Double Weapon Routines,E/F
ROMERO Sabine,FRA,8.45,,W,Other Double Weapon Routines,E/F
PHAN Van Anh Hao,VNM,8.61,2ND Prize,M,Jiujiebian (Nine Section Whip Chain),D
ANDERSSON Ted Fredrik,SWE,8.58,3RD Prize,M,Jiujiebian (Nine Section Whip Chain),D
JANGID Nakshatra,IND,8.53,,M,Jiujiebian (Nine Section Whip Chain),D
RADULESCU Dan Mihai,ROU,(DNS),,M,Jiujiebian (Nine Section Whip Chain),D
KWOK Kwan Ho,HKG,(DNS),,M,Jiujiebian (Nine Section Whip Chain),D
SHI Xiaolong,CHN,9.01,1ST Prize,M,Pudao,D
REVA Roman,UKR,8.85,2ND Prize,M,Pudao,D
COLLADO SAIZ Francisco,ESP,8.73,2ND Prize,M,Pudao,D
LIRA ACOSTA Jesus Alfredo,MEX,8.7,3RD Prize,M,Pudao,D
KOW Zer Xuan,MYS,8.65,3RD Prize,M,Pudao,D
GONZALEZ MARMOLEJO Luis Arturo,MEX,8.64,3RD Prize,M,Pudao,D
RESENDE DE SOUSA Bruno Miguel,PRT,8.58,,M,Pudao,D
Connor James BLACK,GBR,8.5,,M,Pudao,D
AKYUZ Necmett?N Erbakan,TUR,7.8,,M,Pudao,D
KROETZ Benjamin Fritz Ludwig,DEU,(DNS),,M,Pudao,D
WANG Dian,CHN,8.92,1ST Prize,M,Qiang (Spear),D
DAO Vi Dat,VNM,8.61,2ND Prize,M,Qiang (Spear),D
AZEVEDO Miguel Angelo,PRT,8.6,3RD Prize,M,Qiang (Spear),D
BARTOŠ Filip,SVK,8.59,3RD Prize,M,Qiang (Spear),D
DAVNAM Parth,IND,8.22,,M,Qiang (Spear),D
