Score,Group,Form
8.42,A,Other Traditional Weapon
8.2,A,Other Traditional Weapon
8.18,A,Other Traditional Weapon
8.13,A,Other Traditional Weapon
8.23,A,Other Types of Traditional Styles
8.18,A,Other Types of Traditional Styles
8.15,A,Other Types of Traditional Styles
8.09,A,Other Types of Traditional Styles
8.47,B,Cha Quan
8.35,B,Cha Quan
8.34,B,Cha Quan
8.21,B,Cha Quan
8.18,B,Cha Quan
8.15,B,Cha Quan
8.65,B,Gun (Cudgel/Staff)
8.63,B,Gun (Cudgel/Staff)
8.59,B,Gun (Cudgel/Staff)
8.48,B,Gun (Cudgel/Staff)
8.47,B,Gun (Cudgel/Staff)
8.44,B,Gun (Cudgel/Staff)
8.36,B,Gun (Cudgel/Staff)
8.34,B,Gun (Cudgel/Staff)
8.33,B,Gun (Cudgel/Staff)
8.32,B,Gun (Cudgel/Staff)
8.31,B,Gun (Cudgel/Staff)
8.3,B,Gun (Cudgel/Staff)
8.27,B,Gun (Cudgel/Staff)
8.24,B,Gun (Cudgel/Staff)
8.71,B,Other Traditional Weapon
8.7,B,Other Traditional Weapon
8.67,B,Other Traditional Weapon
8.66,B,Other Traditional Weapon
8.66,B,Other Traditional Weapon
8.66,B,Other Traditional Weapon
8.65,B,Other Traditional Weapon
8.63,B,Other Traditional Weapon
8.61,B,Other Traditional Weapon
8.6,B,Other Traditional Weapon
8.57,B,Other Traditional Weapon
8.55,B,Other Traditional Weapon
8.5,B,Other Traditional Weapon
8.48,B,Other Traditional Weapon
8.47,B,Other Traditional Weapon
8.45,B,Other Traditional Weapon
8.43,B,Other Traditional Weapon
8.41,B,Other Traditional Weapon
8.4,B,Other Traditional Weapon
8.4,B,Other Traditional Weapon
8.39,B,Other Traditional Weapon
8.38,B,Other Traditional Weapon
8.38,B,Other Traditional Weapon
8.36,B,Other Traditional Weapon
8.35,B,Other Traditional Weapon
8.33,B,Other Traditional Weapon
8.32,B,Other Traditional Weapon
8.3,B,Other Traditional Weapon
8.29,B,Other Traditional Weapon
8.28,B,Other Traditional Weapon
NA,B,Other Traditional Weapon
NA,B,Other Traditional Weapon
8.46,B,Other Types of Traditional Styles
8.42,B,Other Types of Traditional Styles
8.4,B,Other Types of Traditional Styles
8.4,B,Other Types of Traditional Styles
8.37,B,Other Types of Traditional Styles
8.36,B,Other Types of Traditional Styles
8.34,B,Other Types of Traditional Styles
8.32,B,Other Types of Traditional Styles
8.3,B,Other Types of Traditional Styles
8.3,B,Other Types of Traditional Styles
8.29,B,Other Types of Traditional Styles
8.29,B,Other Types of Traditional Styles
8.28,B,Other Types of Traditional Styles
8.28,B,Other Types of Traditional Styles
8.27,B,Other Types of Traditional Styles
8.27,B,Other Types of Traditional Styles
8.26,B,Other Types of Traditional Styles
8.26,B,Other Types of Traditional Styles
8.26,B,Other Types of Traditional Styles
8.25,B,Other Types of Traditional Styles
8.24,B,Other Types of Traditional Styles
8.23,B,Other Types of Traditional Styles
8.2,B,Other Types of Traditional Styles
8.19,B,Other Types of Traditional Styles
8.19,B,Other Types of Traditional Styles
8.18,B,Other Types of Traditional Styles
8.16,B,Other Types of Traditional Styles
8.13,B,Other Types of Traditional Styles
8.13,B,Other Types of Traditional Styles
8.1,B,Other Types of Traditional Styles
8.1,B,Other Types of Traditional Styles
8.08,B,Other Types of Traditional Styles
8.04,B,Other Types of Traditional Styles
8.02,B,Other Types of Traditional Styles
NA,B,Other Types of Traditional Styles
8.44,B,Southern Styles Nanquan
8.36,B,Southern Styles Nanquan
8.35,B,Southern Styles Nanquan
8.29,B,Southern Styles Nanquan
NA,B,Southern Styles Nanquan
NA,B,Southern Styles Nanquan
8.6,C,Baji Quan
8.57,C,Baji Quan
8.54,C,Baji Quan
8.54,C,Baji Quan
8.51,C,Baji Quan
8.45,C,Baji Quan
8.44,C,Baji Quan
8.42,C,Baji Quan
8.41,C,Baji Quan
8.33,C,Baji Quan
8.3,C,Baji Quan
8.27,C,Baji Quan
8.26,C,Baji Quan
8.52,C,Cha Quan
8.51,C,Cha Quan
8.49,C,Cha Quan
8.48,C,Cha Quan
8.48,C,Cha Quan
8.47,C,Cha Quan
8.47,C,Cha Quan
8.45,C,Cha Quan
8.44,C,Cha Quan
8.43,C,Cha Quan
8.4,C,Cha Quan
8.4,C,Cha Quan
8.4,C,Cha Quan
8.39,C,Cha Quan
8.38,C,Cha Quan
8.37,C,Cha Quan
8.27,C,Cha Quan
7.91,C,Cha Quan
7.87,C,Cha Quan
8.93,C,Dao (Broadsword)
8.86,C,Dao (Broadsword)
8.85,C,Dao (Broadsword)
8.8,C,Dao (Broadsword)
8.77,C,Dao (Broadsword)
8.74,C,Dao (Broadsword)
8.73,C,Dao (Broadsword)
8.72,C,Dao (Broadsword)
8.7,C,Dao (Broadsword)
8.69,C,Dao (Broadsword)
8.68,C,Dao (Broadsword)
8.67,C,Dao (Broadsword)
8.62,C,Dao (Broadsword)
8.58,C,Dao (Broadsword)
8.57,C,Dao (Broadsword)
8.53,C,Dao (Broadsword)
8.5,C,Dao (Broadsword)
8.48,C,Dao (Broadsword)
8.43,C,Dao (Broadsword)
8.4,C,Dao (Broadsword)
8.38,C,Dao (Broadsword)
NA,C,Dao (Broadsword)
NA,C,Dao (Broadsword)
8.64,C,Ditang Quan
8.61,C,Ditang Quan
8.58,C,Ditang Quan
8.55,C,Ditang Quan
8.47,C,Ditang Quan
8.37,C,Ditang Quan
8.32,C,Ditang Quan
8.03,C,Ditang Quan
8.67,C,Gun (Cudgel/Staff)
8.66,C,Gun (Cudgel/Staff)
8.65,C,Gun (Cudgel/Staff)
8.65,C,Gun (Cudgel/Staff)
8.63,C,Gun (Cudgel/Staff)
8.58,C,Gun (Cudgel/Staff)
8.57,C,Gun (Cudgel/Staff)
8.56,C,Gun (Cudgel/Staff)
8.53,C,Gun (Cudgel/Staff)
8.45,C,Gun (Cudgel/Staff)
8.45,C,Gun (Cudgel/Staff)
8.43,C,Gun (Cudgel/Staff)
8.41,C,Gun (Cudgel/Staff)
NA,C,Gun (Cudgel/Staff)
8.6,C,Hua Quan
8.56,C,Hua Quan
8.46,C,Hua Quan
8.42,C,Hua Quan
8.38,C,Hua Quan
8.34,C,Hua Quan
8.32,C,Hua Quan
8.31,C,Hua Quan
8.22,C,Hua Quan
8.67,C,Imitation Eagle Style
8.55,C,Imitation Eagle Style
8.48,C,Imitation Eagle Style
8.45,C,Imitation Eagle Style
8.32,C,Imitation Eagle Style
8.29,C,Imitation Eagle Style
8.56,C,Imitation Eagle Style
8.59,C,Imitation Other Styles
8.51,C,Imitation Other Styles
8.5,C,Imitation Other Styles
8.48,C,Imitation Other Styles
8.46,C,Imitation Other Styles
8.42,C,Imitation Other Styles
8.4,C,Imitation Other Styles
8.38,C,Imitation Other Styles
8.37,C,Imitation Other Styles
8.3,C,Imitation Other Styles
NA,C,Imitation Other Styles
8.54,C,Imitation Tang Lang Styles
8.47,C,Imitation Tang Lang Styles
8.46,C,Imitation Tang Lang Styles
8.45,C,Imitation Tang Lang Styles
8.37,C,Imitation Tang Lang Styles
NA,C,Imitation Tang Lang Styles
8.92,C,Jian (Straight Sword)
8.82,C,Jian (Straight Sword)
8.78,C,Jian (Straight Sword)
8.77,C,Jian (Straight Sword)
8.68,C,Jian (Straight Sword)
8.66,C,Jian (Straight Sword)
8.64,C,Jian (Straight Sword)
8.63,C,Jian (Straight Sword)
8.61,C,Jian (Straight Sword)
8.57,C,Jian (Straight Sword)
8.51,C,Jian (Straight Sword)
8.5,C,Jian (Straight Sword)
7.89,C,Jian (Straight Sword)
8.55,C,Nan Dao (Southern Broadsword)
8.48,C,Nan Dao (Southern Broadsword)
8.44,C,Nan Dao (Southern Broadsword)
8.4,C,Nan Dao (Southern Broadsword)
8.36,C,Nan Dao (Southern Broadsword)
8.35,C,Nan Dao (Southern Broadsword)
NA,C,Nan Dao (Southern Broadsword)
8.72,C,Nan Gun (Southern Staff/Cudgel)
8.57,C,Nan Gun (Southern Staff/Cudgel)
8.51,C,Nan Gun (Southern Staff/Cudgel)
8.5,C,Nan Gun (Southern Staff/Cudgel)
8.48,C,Nan Gun (Southern Staff/Cudgel)
8.47,C,Nan Gun (Southern Staff/Cudgel)
8.46,C,Nan Gun (Southern Staff/Cudgel)
8.42,C,Nan Gun (Southern Staff/Cudgel)
8.38,C,Nan Gun (Southern Staff/Cudgel)
8.9,C,Other Taijiquan
8.89,C,Other Taijiquan
8.84,C,Other Taijiquan
8.82,C,Other Taijiquan
8.78,C,Other Taijiquan
8.75,C,Other Taijiquan
8.72,C,Other Taijiquan
8.7,C,Other Taijiquan
8.66,C,Other Taijiquan
8.63,C,Other Taijiquan
8.5,C,Other Taijiquan
8.39,C,Other Taijiquan
8.79,C,Other Traditional Double Weapon
8.76,C,Other Traditional Double Weapon
8.75,C,Other Traditional Double Weapon
8.73,C,Other Traditional Double Weapon
8.72,C,Other Traditional Double Weapon
8.69,C,Other Traditional Double Weapon
8.68,C,Other Traditional Double Weapon
8.67,C,Other Traditional Double Weapon
8.62,C,Other Traditional Double Weapon
8.54,C,Other Traditional Double Weapon
8.52,C,Other Traditional Double Weapon
8.47,C,Other Traditional Double Weapon
8.47,C,Other Traditional Double Weapon
8.4,C,Other Traditional Double Weapon
NA,C,Other Traditional Double Weapon
8.75,C,Other Traditional Single Weapon
8.74,C,Other Traditional Single Weapon
8.7,C,Other Traditional Single Weapon
8.64,C,Other Traditional Single Weapon
8.54,C,Other Traditional Single Weapon
8.53,C,Other Traditional Single Weapon
8.52,C,Other Traditional Single Weapon
8.45,C,Other Traditional Single Weapon
8.4,C,Other Traditional Single Weapon
8.37,C,Other Traditional Single Weapon
8.35,C,Other Traditional Single Weapon
8.27,C,Other Traditional Single Weapon
8.55,C,Other Types of Traditional Styles
8.54,C,Other Types of Traditional Styles
8.5,C,Other Types of Traditional Styles
8.47,C,Other Types of Traditional Styles
8.47,C,Other Types of Traditional Styles
8.45,C,Other Types of Traditional Styles
8.44,C,Other Types of Traditional Styles
8.41,C,Other Types of Traditional Styles
8.41,C,Other Types of Traditional Styles
8.4,C,Other Types of Traditional Styles
8.4,C,Other Types of Traditional Styles
8.36,C,Other Types of Traditional Styles
8.34,C,Other Types of Traditional Styles
8.32,C,Other Types of Traditional Styles
8.31,C,Other Types of Traditional Styles
8.31,C,Other Types of Traditional Styles
8.31,C,Other Types of Traditional Styles
8.27,C,Other Types of Traditional Styles
8.2,C,Other Types of Traditional Styles
8.14,C,Other Types of Traditional Styles
7.98,C,Other Types of Traditional Styles
NA,C,Other Types of Traditional Styles
9,C,P Dao(Kwan Dao)
8.99,C,P Dao(Kwan Dao)
8.89,C,P Dao(Kwan Dao)
8.88,C,P Dao(Kwan Dao)
8.86,C,P Dao(Kwan Dao)
8.85,C,P Dao(Kwan Dao)
8.84,C,P Dao(Kwan Dao)
8.82,C,P Dao(Kwan Dao)
8.81,C,P Dao(Kwan Dao)
8.75,C,P Dao(Kwan Dao)
8.73,C,P Dao(Kwan Dao)
8.72,C,P Dao(Kwan Dao)
8.71,C,P Dao(Kwan Dao)
8.7,C,P Dao(Kwan Dao)
8.69,C,P Dao(Kwan Dao)
8.69,C,P Dao(Kwan Dao)
8.65,C,P Dao(Kwan Dao)
8.61,C,P Dao(Kwan Dao)
8.6,C,P Dao(Kwan Dao)
8.54,C,P Dao(Kwan Dao)
NA,C,P Dao(Kwan Dao)
NA,C,P Dao(Kwan Dao)
8.78,C,Qiang (Spear)
8.74,C,Qiang (Spear)
8.7,C,Qiang (Spear)
8.68,C,Qiang (Spear)
8.63,C,Qiang (Spear)
8.6,C,Qiang (Spear)
8.54,C,Qiang (Spear)
8.65,C,Shaolin Gun
8.61,C,Shaolin Gun
8.59,C,Shaolin Gun
8.58,C,Shaolin Gun
8.56,C,Shaolin Gun
8.55,C,Shaolin Gun
8.49,C,Shaolin Gun
8.42,C,Shaolin Gun
8.42,C,Shaolin Gun
8.64,C,Shaolin Quan
8.63,C,Shaolin Quan
8.63,C,Shaolin Quan
8.62,C,Shaolin Quan
8.61,C,Shaolin Quan
8.61,C,Shaolin Quan
8.6,C,Shaolin Quan
8.54,C,Shaolin Quan
8.54,C,Shaolin Quan
8.52,C,Shaolin Quan
8.52,C,Shaolin Quan
8.52,C,Shaolin Quan
8.51,C,Shaolin Quan
8.51,C,Shaolin Quan
8.5,C,Shaolin Quan
8.49,C,Shaolin Quan
8.49,C,Shaolin Quan
8.49,C,Shaolin Quan
8.47,C,Shaolin Quan
8.46,C,Shaolin Quan
8.44,C,Shaolin Quan
8.43,C,Shaolin Quan
8.42,C,Shaolin Quan
8.74,C,Shuang Dao (Double Broadsword)
8.73,C,Shuang Dao (Double Broadsword)
8.7,C,Shuang Dao (Double Broadsword)
8.68,C,Shuang Dao (Double Broadsword)
8.67,C,Shuang Dao (Double Broadsword)
8.64,C,Shuang Dao (Double Broadsword)
8.54,C,Shuang Dao (Double Broadsword)
8.5,C,Shuang Dao (Double Broadsword)
8.47,C,Shuang Dao (Double Broadsword)
8.44,C,Shuang Dao (Double Broadsword)
8.4,C,Shuang Dao (Double Broadsword)
8.61,C,Southern Styles Nanquan
8.58,C,Southern Styles Nanquan
8.55,C,Southern Styles Nanquan
8.55,C,Southern Styles Nanquan
8.54,C,Southern Styles Nanquan
8.52,C,Southern Styles Nanquan
8.48,C,Southern Styles Nanquan
8.47,C,Southern Styles Nanquan
8.44,C,Southern Styles Nanquan
8.43,C,Southern Styles Nanquan
8.42,C,Southern Styles Nanquan
8.42,C,Southern Styles Nanquan
8.41,C,Southern Styles Nanquan
8.39,C,Southern Styles Nanquan
8.38,C,Southern Styles Nanquan
8.37,C,Southern Styles Nanquan
8.34,C,Southern Styles Nanquan
8.33,C,Southern Styles Nanquan
8.33,C,Southern Styles Nanquan
8.31,C,Southern Styles Nanquan
8.31,C,Southern Styles Nanquan
8.29,C,Southern Styles Nanquan
8.26,C,Southern Styles Nanquan
NA,C,Southern Styles Nanquan
NA,C,Southern Styles Nanquan
NA,C,Southern Styles Nanquan
8.98,C,Taiji Jian (Including 42 Posture Taiji Jian)
8.97,C,Taiji Jian (Including 42 Posture Taiji Jian)
8.82,C,Taiji Jian (Including 42 Posture Taiji Jian)
8.81,C,Taiji Jian (Including 42 Posture Taiji Jian)
8.77,C,Taiji Jian (Including 42 Posture Taiji Jian)
8.73,C,Taiji Jian (Including 42 Posture Taiji Jian)
8.6,C,Taiji Jian (Including 42 Posture Taiji Jian)
8.55,C,Taiji Jian (Including 42 Posture Taiji Jian)
8.39,C,Taiji Jian (Including 42 Posture Taiji Jian)
8.34,C,Taiji Jian (Including 42 Posture Taiji Jian)
8.68,C,Tongbei Quan
8.61,C,Tongbei Quan
8.55,C,Tongbei Quan
8.54,C,Tongbei Quan
8.48,C,Tongbei Quan
8.45,C,Tongbei Quan
8.44,C,Tongbei Quan
8.42,C,Tongbei Quan
8.7,C,Traditional Flexible/Soft Weapon
8.61,C,Traditional Flexible/Soft Weapon
8.55,C,Traditional Flexible/Soft Weapon
8.53,C,Traditional Flexible/Soft Weapon
8.51,C,Traditional Flexible/Soft Weapon
8.5,C,Traditional Flexible/Soft Weapon
8.47,C,Traditional Flexible/Soft Weapon
8.46,C,Traditional Flexible/Soft Weapon
8.39,C,Traditional Flexible/Soft Weapon
8.34,C,Traditional Flexible/Soft Weapon
NA,C,Traditional Flexible/Soft Weapon
8.61,C,Xingyi Quan
8.51,C,Xingyi Quan
8.49,C,Xingyi Quan
8.43,C,Xingyi Quan
8.42,C,Xingyi Quan
8.33,C,Xingyi Quan
8.31,C,Xingyi Quan
NA,C,Xingyi Quan
8.99,C,Zui Jian (Drunken Sword)
8.9,C,Zui Jian (Drunken Sword)
8.87,C,Zui Jian (Drunken Sword)
8.84,C,Zui Jian (Drunken Sword)
8.75,C,Zui Jian (Drunken Sword)
8.74,C,Zui Jian (Drunken Sword)
8.73,C,Zui Jian (Drunken Sword)
9.11,D,Cha Quan
9.06,D,Cha Quan
9,D,Cha Quan
8.94,D,Cha Quan
8.91,D,Cha Quan
8.91,D,Cha Quan
8.86,D,Cha Quan
8.86,D,Cha Quan
8.78,D,Cha Quan
8.78,D,Cha Quan
8.76,D,Cha Quan
8.71,D,Cha Quan
8.71,D,Cha Quan
9.17,D,Chen Style Taiji Jian
9.1,D,Chen Style Taiji Jian
9,D,Chen Style Taiji Jian
8.92,D,Chen Style Taiji Jian
8.88,D,Chen Style Taiji Jian
8.87,D,Chen Style Taiji Jian
8.75,D,Chen Style Taiji Jian
9.04,D,Chen Style Taijiquan
8.81,D,Chen Style Taijiquan
8.8,D,Chen Style Taijiquan
8.75,D,Chen Style Taijiquan
8.73,D,Chen Style Taijiquan
8.73,D,Chen Style Taijiquan
8.7,D,Chen Style Taijiquan
8.69,D,Chen Style Taijiquan
8.69,D,Chen Style Taijiquan
8.64,D,Chen Style Taijiquan
8.63,D,Chen Style Taijiquan
8.61,D,Chen Style Taijiquan
NA,D,Chen Style Taijiquan
9.06,D,Choy Lay Fut Kune (Cailifo Quan)
9,D,Choy Lay Fut Kune (Cailifo Quan)
8.93,D,Choy Lay Fut Kune (Cailifo Quan)
8.93,D,Choy Lay Fut Kune (Cailifo Quan)
8.89,D,Choy Lay Fut Kune (Cailifo Quan)
8.88,D,Choy Lay Fut Kune (Cailifo Quan)
8.85,D,Choy Lay Fut Kune (Cailifo Quan)
8.85,D,Choy Lay Fut Kune (Cailifo Quan)
8.84,D,Choy Lay Fut Kune (Cailifo Quan)
8.79,D,Choy Lay Fut Kune (Cailifo Quan)
8.79,D,Choy Lay Fut Kune (Cailifo Quan)
8.78,D,Choy Lay Fut Kune (Cailifo Quan)
8.78,D,Choy Lay Fut Kune (Cailifo Quan)
8.78,D,Choy Lay Fut Kune (Cailifo Quan)
8.73,D,Choy Lay Fut Kune (Cailifo Quan)
9.2,D,Dao (Broadsword)
9.15,D,Dao (Broadsword)
9.1,D,Dao (Broadsword)
9.09,D,Dao (Broadsword)
9.05,D,Dao (Broadsword)
9,D,Dao (Broadsword)
8.99,D,Dao (Broadsword)
8.98,D,Dao (Broadsword)
8.98,D,Dao (Broadsword)
8.97,D,Dao (Broadsword)
8.91,D,Dao (Broadsword)
8.88,D,Dao (Broadsword)
8.87,D,Dao (Broadsword)
8.87,D,Dao (Broadsword)
8.86,D,Dao (Broadsword)
8.86,D,Dao (Broadsword)
8.81,D,Dao (Broadsword)
8.81,D,Dao (Broadsword)
8.8,D,Dao (Broadsword)
8.8,D,Dao (Broadsword)
8.79,D,Dao (Broadsword)
8.75,D,Dao (Broadsword)
8.51,D,Dao (Broadsword)
NA,D,Dao (Broadsword)
NA,D,Dao (Broadsword)
NA,D,Dao (Broadsword)
9.08,D,Fanzi Quan
9.01,D,Fanzi Quan
8.95,D,Fanzi Quan
8.86,D,Fanzi Quan
NA,D,Fanzi Quan
NA,D,Fanzi Quan
9.16,D,Guandao (Kwan Dao)
9.04,D,Guandao (Kwan Dao)
8.96,D,Guandao (Kwan Dao)
8.82,D,Guandao (Kwan Dao)
8.77,D,Guandao (Kwan Dao)
8.76,D,Guandao (Kwan Dao)
8.74,D,Guandao (Kwan Dao)
NA,D,Guandao (Kwan Dao)
9.19,D,Gun (Cudgel/Staff)
9.1,D,Gun (Cudgel/Staff)
9.09,D,Gun (Cudgel/Staff)
9.06,D,Gun (Cudgel/Staff)
9.01,D,Gun (Cudgel/Staff)
8.95,D,Gun (Cudgel/Staff)
8.9,D,Gun (Cudgel/Staff)
8.83,D,Gun (Cudgel/Staff)
8.81,D,Gun (Cudgel/Staff)
8.81,D,Gun (Cudgel/Staff)
8.8,D,Gun (Cudgel/Staff)
8.78,D,Gun (Cudgel/Staff)
8.78,D,Gun (Cudgel/Staff)
8.7,D,Gun (Cudgel/Staff)
8.55,D,Gun (Cudgel/Staff)
NA,D,Gun (Cudgel/Staff)
9.19,D,Hung Gar Kune (Hongjia Quan)
9,D,Hung Gar Kune (Hongjia Quan)
8.94,D,Hung Gar Kune (Hongjia Quan)
8.87,D,Hung Gar Kune (Hongjia Quan)
8.86,D,Hung Gar Kune (Hongjia Quan)
8.84,D,Hung Gar Kune (Hongjia Quan)
8.83,D,Hung Gar Kune (Hongjia Quan)
8.82,D,Hung Gar Kune (Hongjia Quan)
8.82,D,Hung Gar Kune (Hongjia Quan)
8.81,D,Hung Gar Kune (Hongjia Quan)
8.78,D,Hung Gar Kune (Hongjia Quan)
8.77,D,Hung Gar Kune (Hongjia Quan)
8.75,D,Hung Gar Kune (Hongjia Quan)
NA,D,Hung Gar Kune (Hongjia Quan)
9.01,D,Imitation Eagle Style
8.91,D,Imitation Eagle Style
8.9,D,Imitation Eagle Style
8.84,D,Imitation Eagle Style
8.75,D,Imitation Eagle Style
8.75,D,Imitation Eagle Style
9.25,D,Imitation Other Styles
9.07,D,Imitation Other Styles
9.06,D,Imitation Other Styles
9,D,Imitation Other Styles
9,D,Imitation Other Styles
8.96,D,Imitation Other Styles
8.92,D,Imitation Other Styles
8.91,D,Imitation Other Styles
8.9,D,Imitation Other Styles
8.89,D,Imitation Other Styles
8.89,D,Imitation Other Styles
8.86,D,Imitation Other Styles
8.82,D,Imitation Other Styles
NA,D,Imitation Other Styles
NA,D,Imitation Other Styles
9.28,D,Jian (Straight Sword)
9.17,D,Jian (Straight Sword)
9.09,D,Jian (Straight Sword)
9,D,Jian (Straight Sword)
8.99,D,Jian (Straight Sword)
8.93,D,Jian (Straight Sword)
8.93,D,Jian (Straight Sword)
8.92,D,Jian (Straight Sword)
8.9,D,Jian (Straight Sword)
8.82,D,Jian (Straight Sword)
8.78,D,Jian (Straight Sword)
8.75,D,Jian (Straight Sword)
8.73,D,Jian (Straight Sword)
8.7,D,Jian (Straight Sword)
8.61,D,Jian (Straight Sword)
9.17,D,Jiu Jie Bian (Nine Section Whip Chain)
9,D,Jiu Jie Bian (Nine Section Whip Chain)
8.9,D,Jiu Jie Bian (Nine Section Whip Chain)
8.86,D,Jiu Jie Bian (Nine Section Whip Chain)
8.77,D,Jiu Jie Bian (Nine Section Whip Chain)
8.67,D,Jiu Jie Bian (Nine Section Whip Chain)
8.56,D,Jiu Jie Bian (Nine Section Whip Chain)
9.12,D,Nan Dao (Southern Broadsword)
9,D,Nan Dao (Southern Broadsword)
8.99,D,Nan Dao (Southern Broadsword)
8.99,D,Nan Dao (Southern Broadsword)
8.91,D,Nan Dao (Southern Broadsword)
8.9,D,Nan Dao (Southern Broadsword)
8.8,D,Nan Dao (Southern Broadsword)
8.75,D,Nan Dao (Southern Broadsword)
8.75,D,Nan Dao (Southern Broadsword)
8.73,D,Nan Dao (Southern Broadsword)
8.66,D,Nan Dao (Southern Broadsword)
NA,D,Nan Dao (Southern Broadsword)
9.24,D,Nan Gun (Southern Staff/Cudgel)
9.19,D,Nan Gun (Southern Staff/Cudgel)
9.15,D,Nan Gun (Southern Staff/Cudgel)
8.99,D,Nan Gun (Southern Staff/Cudgel)
8.97,D,Nan Gun (Southern Staff/Cudgel)
8.93,D,Nan Gun (Southern Staff/Cudgel)
8.89,D,Nan Gun (Southern Staff/Cudgel)
8.86,D,Nan Gun (Southern Staff/Cudgel)
8.85,D,Nan Gun (Southern Staff/Cudgel)
8.82,D,Nan Gun (Southern Staff/Cudgel)
8.76,D,Nan Gun (Southern Staff/Cudgel)
8.75,D,Nan Gun (Southern Staff/Cudgel)
8.73,D,Nan Gun (Southern Staff/Cudgel)
8.72,D,Nan Gun (Southern Staff/Cudgel)
8.71,D,Nan Gun (Southern Staff/Cudgel)
8.66,D,Nan Gun (Southern Staff/Cudgel)
9.05,D,Other Southern Styles Nanquan
9.02,D,Other Southern Styles Nanquan
8.99,D,Other Southern Styles Nanquan
8.93,D,Other Southern Styles Nanquan
8.86,D,Other Southern Styles Nanquan
8.85,D,Other Southern Styles Nanquan
8.85,D,Other Southern Styles Nanquan
8.82,D,Other Southern Styles Nanquan
8.82,D,Other Southern Styles Nanquan
8.8,D,Other Southern Styles Nanquan
8.8,D,Other Southern Styles Nanquan
8.8,D,Other Southern Styles Nanquan
8.79,D,Other Southern Styles Nanquan
8.78,D,Other Southern Styles Nanquan
8.78,D,Other Southern Styles Nanquan
8.76,D,Other Southern Styles Nanquan
8.72,D,Other Southern Styles Nanquan
8.65,D,Other Southern Styles Nanquan
9.08,D,Other Taiji Jian
9.07,D,Other Taiji Jian
8.97,D,Other Taiji Jian
8.94,D,Other Taiji Jian
8.86,D,Other Taiji Jian
8.76,D,Other Taiji Jian
8.76,D,Other Taiji Jian
8.7,D,Other Taiji Jian
8.37,D,Other Taiji Jian
9.03,D,Other Taijiquan
9,D,Other Taijiquan
8.87,D,Other Taijiquan
8.84,D,Other Taijiquan
8.83,D,Other Taijiquan
8.81,D,Other Taijiquan
8.81,D,Other Taijiquan
8.8,D,Other Taijiquan
8.8,D,Other Taijiquan
8.79,D,Other Taijiquan
8.73,D,Other Taijiquan
8.72,D,Other Taijiquan
8.42,D,Other Taijiquan
8.98,D,Other Traditional Double Weapon
8.96,D,Other Traditional Double Weapon
8.9,D,Other Traditional Double Weapon
8.88,D,Other Traditional Double Weapon
8.87,D,Other Traditional Double Weapon
8.86,D,Other Traditional Double Weapon
8.85,D,Other Traditional Double Weapon
8.85,D,Other Traditional Double Weapon
8.83,D,Other Traditional Double Weapon
8.77,D,Other Traditional Double Weapon
8.72,D,Other Traditional Double Weapon
8.71,D,Other Traditional Double Weapon
NA,D,Other Traditional Double Weapon
9.03,D,Other Traditional Flexible/Soft Weapon
9,D,Other Traditional Flexible/Soft Weapon
8.97,D,Other Traditional Flexible/Soft Weapon
8.94,D,Other Traditional Flexible/Soft Weapon
8.88,D,Other Traditional Flexible/Soft Weapon
8.86,D,Other Traditional Flexible/Soft Weapon
8.85,D,Other Traditional Flexible/Soft Weapon
8.84,D,Other Traditional Flexible/Soft Weapon
8.83,D,Other Traditional Flexible/Soft Weapon
8.72,D,Other Traditional Flexible/Soft Weapon
9.26,D,Other Traditional Single Weapon
9.15,D,Other Traditional Single Weapon
8.98,D,Other Traditional Single Weapon
8.91,D,Other Traditional Single Weapon
8.9,D,Other Traditional Single Weapon
8.86,D,Other Traditional Single Weapon
8.85,D,Other Traditional Single Weapon
8.83,D,Other Traditional Single Weapon
8.81,D,Other Traditional Single Weapon
8.78,D,Other Traditional Single Weapon
8.65,D,Other Traditional Single Weapon
9.14,D,Other Types of Traditional Styles
9.13,D,Other Types of Traditional Styles
9.08,D,Other Types of Traditional Styles
9.05,D,Other Types of Traditional Styles
9.03,D,Other Types of Traditional Styles
9.01,D,Other Types of Traditional Styles
9,D,Other Types of Traditional Styles
8.99,D,Other Types of Traditional Styles
8.97,D,Other Types of Traditional Styles
8.96,D,Other Types of Traditional Styles
8.95,D,Other Types of Traditional Styles
8.89,D,Other Types of Traditional Styles
8.87,D,Other Types of Traditional Styles
8.86,D,Other Types of Traditional Styles
8.85,D,Other Types of Traditional Styles
8.85,D,Other Types of Traditional Styles
8.84,D,Other Types of Traditional Styles
8.83,D,Other Types of Traditional Styles
8.83,D,Other Types of Traditional Styles
8.82,D,Other Types of Traditional Styles
8.82,D,Other Types of Traditional Styles
8.81,D,Other Types of Traditional Styles
8.76,D,Other Types of Traditional Styles
8.75,D,Other Types of Traditional Styles
8.73,D,Other Types of Traditional Styles
8.71,D,Other Types of Traditional Styles
8.71,D,Other Types of Traditional Styles
8.69,D,Other Types of Traditional Styles
8.65,D,Other Types of Traditional Styles
NA,D,Other Types of Traditional Styles
NA,D,Other Types of Traditional Styles
9.15,D,Pudao
9.04,D,Pudao
9.01,D,Pudao
8.92,D,Pudao
8.88,D,Pudao
8.83,D,Pudao
8.81,D,Pudao
8.65,D,Pudao
NA,D,Pudao
9.06,D,Qiang (Spear)
9.05,D,Qiang (Spear)
9,D,Qiang (Spear)
8.9,D,Qiang (Spear)
8.84,D,Qiang (Spear)
8.82,D,Qiang (Spear)
8.81,D,Qiang (Spear)
8.8,D,Qiang (Spear)
NA,D,Qiang (Spear)
9.11,D,Shaolin Quan
9.1,D,Shaolin Quan
9.08,D,Shaolin Quan
9.01,D,Shaolin Quan
9,D,Shaolin Quan
9,D,Shaolin Quan
8.91,D,Shaolin Quan
8.91,D,Shaolin Quan
8.9,D,Shaolin Quan
8.87,D,Shaolin Quan
8.85,D,Shaolin Quan
8.83,D,Shaolin Quan
8.81,D,Shaolin Quan
8.81,D,Shaolin Quan
8.8,D,Shaolin Quan
8.8,D,Shaolin Quan
8.8,D,Shaolin Quan
8.78,D,Shaolin Quan
8.77,D,Shaolin Quan
8.77,D,Shaolin Quan
8.75,D,Shaolin Quan
NA,D,Shaolin Quan
9.2,D,Shuang Dao (Double Broadsword)
9.02,D,Shuang Dao (Double Broadsword)
9.01,D,Shuang Dao (Double Broadsword)
8.94,D,Shuang Dao (Double Broadsword)
8.9,D,Shuang Dao (Double Broadsword)
8.8,D,Shuang Dao (Double Broadsword)
8.96,D,Wing Chun Kune (Yongchun Quan)
8.95,D,Wing Chun Kune (Yongchun Quan)
8.87,D,Wing Chun Kune (Yongchun Quan)
8.83,D,Wing Chun Kune (Yongchun Quan)
8.8,D,Wing Chun Kune (Yongchun Quan)
8.79,D,Wing Chun Kune (Yongchun Quan)
8.79,D,Wing Chun Kune (Yongchun Quan)
8.78,D,Wing Chun Kune (Yongchun Quan)
8.74,D,Wing Chun Kune (Yongchun Quan)
NA,D,Wing Chun Kune (Yongchun Quan)
NA,D,Wing Chun Kune (Yongchun Quan)
NA,D,Wing Chun Kune (Yongchun Quan)
NA,D,Wing Chun Kune (Yongchun Quan)
9.2,D,Xingyi Quan
9.04,D,Xingyi Quan
8.86,D,Xingyi Quan
8.86,D,Xingyi Quan
8.75,D,Xingyi Quan
NA,D,Xingyi Quan
8.81,E,Posture Taiji Jian
8.69,E,Posture Taiji Jian
8.68,E,Posture Taiji Jian
8.65,E,Posture Taiji Jian
8.61,E,Posture Taiji Jian
8.55,E,Posture Taiji Jian
8.99,E,Posture Taijiquan
8.83,E,Posture Taijiquan
8.8,E,Posture Taijiquan
8.79,E,Posture Taijiquan
8.74,E,Posture Taijiquan
8.71,E,Posture Taijiquan
8.68,E,Posture Taijiquan
NA,E,Posture Taijiquan
NA,E,Posture Taijiquan
8.91,E,Chen Style Taiji Jian
8.88,E,Chen Style Taiji Jian
8.84,E,Chen Style Taiji Jian
8.82,E,Chen Style Taiji Jian
8.77,E,Chen Style Taiji Jian
8.76,E,Chen Style Taiji Jian
8.72,E,Chen Style Taiji Jian
8.71,E,Chen Style Taiji Jian
NA,E,Chen Style Taiji Jian
9.22,E,Gun (Cudgel/Staff)
9.11,E,Gun (Cudgel/Staff)
8.77,E,Gun (Cudgel/Staff)
8.74,E,Gun (Cudgel/Staff)
8.66,E,Gun (Cudgel/Staff)
8.45,E,Gun (Cudgel/Staff)
NA,E,Gun (Cudgel/Staff)
9.16,E,Jian (Straight Sword)
9.04,E,Jian (Straight Sword)
8.97,E,Jian (Straight Sword)
8.87,E,Jian (Straight Sword)
8.73,E,Jian (Straight Sword)
NA,E,Jian (Straight Sword)
NA,E,Jian (Straight Sword)
NA,E,Jian (Straight Sword)
9.2,E,Other Taiji Jian
8.96,E,Other Taiji Jian
8.84,E,Other Taiji Jian
8.78,E,Other Taiji Jian
8.71,E,Other Taiji Jian
8.66,E,Other Taiji Jian
8.62,E,Other Taiji Jian
8.54,E,Other Taiji Jian
NA,E,Other Taiji Jian
NA,E,Other Taiji Jian
NA,E,Other Taiji Jian
8.95,E,Other Taiji Weapon
8.91,E,Other Taiji Weapon
8.89,E,Other Taiji Weapon
8.84,E,Other Taiji Weapon
8.78,E,Other Taiji Weapon
8.76,E,Other Taiji Weapon
8.72,E,Other Taiji Weapon
8.68,E,Other Taiji Weapon
8.5,E,Other Taiji Weapon
9.1,E,Other Taijiquan
8.97,E,Other Taijiquan
8.94,E,Other Taijiquan
8.91,E,Other Taijiquan
8.84,E,Other Taijiquan
8.83,E,Other Taijiquan
8.81,E,Other Taijiquan
8.81,E,Other Taijiquan
8.79,E,Other Taijiquan
8.73,E,Other Taijiquan
8.7,E,Other Taijiquan
NA,E,Other Taijiquan
9.14,E,Other Traditional Single Weapons
9.05,E,Other Traditional Single Weapons
8.95,E,Other Traditional Single Weapons
8.93,E,Other Traditional Single Weapons
8.9,E,Other Traditional Single Weapons
8.89,E,Other Traditional Single Weapons
8.86,E,Other Traditional Single Weapons
8.85,E,Other Traditional Single Weapons
8.84,E,Other Traditional Single Weapons
8.8,E,Other Traditional Single Weapons
8.79,E,Other Traditional Single Weapons
8.74,E,Other Traditional Single Weapons
8.73,E,Other Traditional Single Weapons
NA,E,Other Traditional Single Weapons
8.89,E,Other Traditional Weapon
8.8,E,Other Traditional Weapon
8.78,E,Other Traditional Weapon
8.77,E,Other Traditional Weapon
8.75,E,Other Traditional Weapon
8.66,E,Other Traditional Weapon
NA,E,Other Traditional Weapon
9.09,E,Other Types of Traditional Styles
8.95,E,Other Types of Traditional Styles
8.88,E,Other Types of Traditional Styles
8.85,E,Other Types of Traditional Styles
8.83,E,Other Types of Traditional Styles
8.81,E,Other Types of Traditional Styles
8.77,E,Other Types of Traditional Styles
8.76,E,Other Types of Traditional Styles
8.75,E,Other Types of Traditional Styles
8.74,E,Other Types of Traditional Styles
8.72,E,Other Types of Traditional Styles
8.71,E,Other Types of Traditional Styles
8.67,E,Other Types of Traditional Styles
8.65,E,Other Types of Traditional Styles
8.61,E,Other Types of Traditional Styles
NA,E,Other Types of Traditional Styles
NA,E,Other Types of Traditional Styles
NA,E,Other Types of Traditional Styles
NA,E,Other Types of Traditional Styles
NA,E,Other Types of Traditional Styles
NA,E,Other Types of Traditional Styles
9.17,E,Shaolin Quan
8.96,E,Shaolin Quan
8.87,E,Shaolin Quan
8.86,E,Shaolin Quan
8.85,E,Shaolin Quan
8.82,E,Shaolin Quan
8.8,E,Shaolin Quan
8.76,E,Shaolin Quan
8.75,E,Shaolin Quan
8.96,E,Southern Styles Nanquan
8.79,E,Southern Styles Nanquan
8.78,E,Southern Styles Nanquan
8.77,E,Southern Styles Nanquan
8.76,E,Southern Styles Nanquan
8.76,E,Southern Styles Nanquan
8.71,E,Southern Styles Nanquan
7.71,E,Southern Styles Nanquan
NA,E,Southern Styles Nanquan
NA,E,Southern Styles Nanquan
8.95,E,Traditional Chen Style Taijiquan
8.91,E,Traditional Chen Style Taijiquan
8.82,E,Traditional Chen Style Taijiquan
8.82,E,Traditional Chen Style Taijiquan
8.81,E,Traditional Chen Style Taijiquan
8.8,E,Traditional Chen Style Taijiquan
8.79,E,Traditional Chen Style Taijiquan
8.76,E,Traditional Chen Style Taijiquan
8.76,E,Traditional Chen Style Taijiquan
NA,E,Traditional Chen Style Taijiquan
9,E,Yang Style Taijiquan
8.91,E,Yang Style Taijiquan
8.9,E,Yang Style Taijiquan
8.87,E,Yang Style Taijiquan
8.84,E,Yang Style Taijiquan
8.82,E,Yang Style Taijiquan
8.8,E,Yang Style Taijiquan
8.79,E,Yang Style Taijiquan
8.76,E,Yang Style Taijiquan
8.74,E,Yang Style Taijiquan
8.74,E,Yang Style Taijiquan
8.72,E,Yang Style Taijiquan
8.72,E,Yang Style Taijiquan
8.71,E,Yang Style Taijiquan
8.71,E,Yang Style Taijiquan
NA,E,Yang Style Taijiquan
8.94,E,Yang StyleTaiji Jian
8.86,E,Yang StyleTaiji Jian
8.85,E,Yang StyleTaiji Jian
8.82,E,Yang StyleTaiji Jian
8.81,E,Yang StyleTaiji Jian
8.76,E,Yang StyleTaiji Jian
8.72,E,Yang StyleTaiji Jian
8.69,E,Yang StyleTaiji Jian
8.62,E,Yang StyleTaiji Jian
8.61,E,Yang StyleTaiji Jian
8.6,E,Yang StyleTaiji Jian
8.85,F,Other Style Taiji Weapon
8.77,F,Other Style Taiji Weapon
8.68,F,Other Style Taiji Weapon
8.64,F,Other Style Taiji Weapon
8.63,F,Other Style Taiji Weapon
8.63,F,Other Style Taiji Weapon
8.61,F,Other Style Taiji Weapon
8.57,F,Other Style Taiji Weapon
8.56,F,Other Style Taiji Weapon
8.56,F,Other Style Taiji Weapon
NA,F,Other Style Taiji Weapon
NA,F,Other Style Taiji Weapon
8.98,F,Other Traditional Taijiquan
8.92,F,Other Traditional Taijiquan
8.91,F,Other Traditional Taijiquan
8.87,F,Other Traditional Taijiquan
8.82,F,Other Traditional Taijiquan
8.8,F,Other Traditional Taijiquan
8.77,F,Other Traditional Taijiquan
8.75,F,Other Traditional Taijiquan
8.74,F,Other Traditional Taijiquan
8.74,F,Other Traditional Taijiquan
8.71,F,Other Traditional Taijiquan
NA,F,Other Traditional Taijiquan
9.06,F,Other Traditional Weapon
8.95,F,Other Traditional Weapon
8.93,F,Other Traditional Weapon
8.76,F,Other Traditional Weapon
8.75,F,Other Traditional Weapon
8.66,F,Other Traditional Weapon
NA,F,Other Traditional Weapon
NA,F,Other Traditional Weapon
NA,F,Other Traditional Weapon
9.05,F,Other Types of Traditional Styles
8.86,F,Other Types of Traditional Styles
8.82,F,Other Types of Traditional Styles
8.81,F,Other Types of Traditional Styles
8.77,F,Other Types of Traditional Styles
8.7,F,Other Types of Traditional Styles
8.51,F,Other Types of Traditional Styles
NA,F,Other Types of Traditional Styles
NA,F,Other Types of Traditional Styles
NA,F,Other Types of Traditional Styles
8.98,F,Traditional Yang Style Taijiquan
8.83,F,Traditional Yang Style Taijiquan
8.77,F,Traditional Yang Style Taijiquan
8.76,F,Traditional Yang Style Taijiquan
8.75,F,Traditional Yang Style Taijiquan
8.74,F,Traditional Yang Style Taijiquan
8.73,F,Traditional Yang Style Taijiquan
8.72,F,Traditional Yang Style Taijiquan
8.7,F,Traditional Yang Style Taijiquan
NA,F,Traditional Yang Style Taijiquan
8.88,F,Yang Style Taiji Weapon
8.86,F,Yang Style Taiji Weapon
8.83,F,Yang Style Taiji Weapon
8.81,F,Yang Style Taiji Weapon
8.72,F,Yang Style Taiji Weapon
8.68,F,Yang Style Taiji Weapon
8.64,F,Yang Style Taiji Weapon
8.63,F,Yang Style Taiji Weapon
8.62,F,Yang Style Taiji Weapon
8.59,F,Yang Style Taiji Weapon
8.55,F,Yang Style Taiji Weapon
NA,F,Yang Style Taiji Weapon
8.85,F,Yang Style Taiji Weapon
8.8,F,Yang Style Taiji Weapon
8.79,F,Yang Style Taiji Weapon
8.78,F,Yang Style Taiji Weapon
8.71,F,Yang Style Taiji Weapon
NA,F,Yang Style Taiji Weapon
8.24,A,Other Types of Traditional Styles
8.56,B,Cha Quan
8.53,B,Cha Quan
8.52,B,Cha Quan
8.49,B,Cha Quan
8.42,B,Cha Quan
8.37,B,Cha Quan
8.36,B,Cha Quan
8.29,B,Cha Quan
NA,B,Cha Quan
8.48,B,Other Traditional Weapon
8.42,B,Other Traditional Weapon
8.41,B,Other Traditional Weapon
8.4,B,Other Traditional Weapon
8.38,B,Other Traditional Weapon
8.38,B,Other Traditional Weapon
8.37,B,Other Traditional Weapon
8.34,B,Other Traditional Weapon
8.31,B,Other Traditional Weapon
8.28,B,Other Traditional Weapon
8.28,B,Other Traditional Weapon
8.28,B,Other Traditional Weapon
8.28,B,Other Traditional Weapon
8.28,B,Other Traditional Weapon
8.28,B,Other Traditional Weapon
8.26,B,Other Traditional Weapon
8.24,B,Other Traditional Weapon
8.2,B,Other Traditional Weapon
8.2,B,Other Traditional Weapon
8.18,B,Other Traditional Weapon
NA,B,Other Traditional Weapon
NA,B,Other Traditional Weapon
8.49,B,Other Types of Traditional Styles
8.48,B,Other Types of Traditional Styles
8.35,B,Other Types of Traditional Styles
8.34,B,Other Types of Traditional Styles
8.32,B,Other Types of Traditional Styles
8.32,B,Other Types of Traditional Styles
8.32,B,Other Types of Traditional Styles
8.31,B,Other Types of Traditional Styles
8.3,B,Other Types of Traditional Styles
8.29,B,Other Types of Traditional Styles
8.24,B,Other Types of Traditional Styles
8.22,B,Other Types of Traditional Styles
8.21,B,Other Types of Traditional Styles
8.21,B,Other Types of Traditional Styles
NA,B,Other Types of Traditional Styles
8.67,C,Baji Quan
8.65,C,Baji Quan
8.59,C,Baji Quan
8.53,C,Baji Quan
8.53,C,Baji Quan
8.45,C,Baji Quan
8.44,C,Baji Quan
8.7,C,Cha Quan
8.69,C,Cha Quan
8.66,C,Cha Quan
8.63,C,Cha Quan
8.57,C,Cha Quan
8.56,C,Cha Quan
8.56,C,Cha Quan
8.54,C,Cha Quan
8.53,C,Cha Quan
8.53,C,Cha Quan
8.47,C,Cha Quan
8.47,C,Cha Quan
8.47,C,Cha Quan
8.47,C,Cha Quan
8.47,C,Cha Quan
8.46,C,Cha Quan
8.46,C,Cha Quan
8.42,C,Cha Quan
8.4,C,Cha Quan
8.39,C,Cha Quan
8.36,C,Cha Quan
8.35,C,Cha Quan
8.32,C,Cha Quan
NA,C,Cha Quan
8.56,C,Dao (Broadsword)
8.49,C,Dao (Broadsword)
8.47,C,Dao (Broadsword)
8.42,C,Dao (Broadsword)
8.38,C,Dao (Broadsword)
8.36,C,Dao (Broadsword)
8.34,C,Dao (Broadsword)
8.31,C,Dao (Broadsword)
8.31,C,Dao (Broadsword)
8.3,C,Dao (Broadsword)
8.29,C,Dao (Broadsword)
8.28,C,Dao (Broadsword)
8.24,C,Dao (Broadsword)
8.17,C,Dao (Broadsword)
8.51,C,Fan
8.45,C,Fan
8.41,C,Fan
8.41,C,Fan
8.4,C,Fan
8.4,C,Fan
8.39,C,Fan
8.37,C,Fan
8.31,C,Fan
NA,C,Fan
NA,C,Fan
NA,C,Fan
8.68,C,Gun (Cudgel/Staff)
8.61,C,Gun (Cudgel/Staff)
8.6,C,Gun (Cudgel/Staff)
8.59,C,Gun (Cudgel/Staff)
8.55,C,Gun (Cudgel/Staff)
8.54,C,Gun (Cudgel/Staff)
8.52,C,Gun (Cudgel/Staff)
8.5,C,Gun (Cudgel/Staff)
8.48,C,Gun (Cudgel/Staff)
8.46,C,Gun (Cudgel/Staff)
8.4,C,Gun (Cudgel/Staff)
NA,C,Gun (Cudgel/Staff)
8.64,C,Hua Quan
8.63,C,Hua Quan
8.62,C,Hua Quan
8.61,C,Hua Quan
8.6,C,Hua Quan
8.55,C,Hua Quan
8.53,C,Hua Quan
8.46,C,Hua Quan
8.45,C,Hua Quan
8.45,C,Hua Quan
8.44,C,Hua Quan
8.4,C,Hua Quan
8.36,C,Hua Quan
8.33,C,Hua Quan
8.63,C,Imitation Eagle Styles
8.56,C,Imitation Eagle Styles
8.54,C,Imitation Eagle Styles
8.45,C,Imitation Eagle Styles
8.41,C,Imitation Eagle Styles
8.73,C,Imitation Eagle Styles
8.55,C,Imitation Other Styles
8.5,C,Imitation Other Styles
8.45,C,Imitation Other Styles
8.41,C,Imitation Other Styles
8.41,C,Imitation Other Styles
8.41,C,Imitation Other Styles
8.37,C,Imitation Other Styles
8.35,C,Imitation Other Styles
8.32,C,Imitation Other Styles
8.28,C,Imitation Other Styles
8.55,C,Jian (Straight Sword)
8.49,C,Jian (Straight Sword)
8.49,C,Jian (Straight Sword)
8.43,C,Jian (Straight Sword)
8.43,C,Jian (Straight Sword)
8.42,C,Jian (Straight Sword)
8.34,C,Jian (Straight Sword)
8.33,C,Jian (Straight Sword)
8.31,C,Jian (Straight Sword)
8.15,C,Jian (Straight Sword)
8.14,C,Jian (Straight Sword)
0,C,Jian (Straight Sword)
8.61,C,Jiu Jie Bian (Nine Section Whip Chain)
8.54,C,Jiu Jie Bian (Nine Section Whip Chain)
8.48,C,Jiu Jie Bian (Nine Section Whip Chain)
8.48,C,Jiu Jie Bian (Nine Section Whip Chain)
8.44,C,Jiu Jie Bian (Nine Section Whip Chain)
8.42,C,Jiu Jie Bian (Nine Section Whip Chain)
8.42,C,Jiu Jie Bian (Nine Section Whip Chain)
8.4,C,Jiu Jie Bian (Nine Section Whip Chain)
8.31,C,Jiu Jie Bian (Nine Section Whip Chain)
8.51,C,Other Southern Styles Nanquan
8.37,C,Other Southern Styles Nanquan
8.36,C,Other Southern Styles Nanquan
8.35,C,Other Southern Styles Nanquan
8.34,C,Other Southern Styles Nanquan
8.28,C,Other Southern Styles Nanquan
8.25,C,Other Southern Styles Nanquan
8.24,C,Other Southern Styles Nanquan
8.18,C,Other Southern Styles Nanquan
NA,C,Other Southern Styles Nanquan
9.05,C,Other Taijiquan
9.01,C,Other Taijiquan
8.98,C,Other Taijiquan
8.93,C,Other Taijiquan
8.87,C,Other Taijiquan
8.86,C,Other Taijiquan
8.84,C,Other Taijiquan
8.73,C,Other Taijiquan
8.71,C,Other Taijiquan
8.7,C,Other Taijiquan
8.68,C,Other Taijiquan
8.76,C,Other Traditional Flexible/Soft Weapon F
8.55,C,Other Traditional Flexible/Soft Weapon F
8.51,C,Other Traditional Flexible/Soft Weapon F
8.5,C,Other Traditional Flexible/Soft Weapon F
8.41,C,Other Traditional Flexible/Soft Weapon F
8.4,C,Other Traditional Flexible/Soft Weapon F
8.67,C,Other Traditional Weapon
8.66,C,Other Traditional Weapon
8.62,C,Other Traditional Weapon
8.62,C,Other Traditional Weapon
8.59,C,Other Traditional Weapon
8.56,C,Other Traditional Weapon
8.55,C,Other Traditional Weapon
8.55,C,Other Traditional Weapon
8.54,C,Other Traditional Weapon
8.54,C,Other Traditional Weapon
8.51,C,Other Traditional Weapon
8.5,C,Other Traditional Weapon
8.5,C,Other Traditional Weapon
8.49,C,Other Traditional Weapon
8.44,C,Other Traditional Weapon
8.42,C,Other Traditional Weapon
8.4,C,Other Traditional Weapon
8.38,C,Other Traditional Weapon
8.38,C,Other Traditional Weapon
8.38,C,Other Traditional Weapon
8.35,C,Other Traditional Weapon
NA,C,Other Traditional Weapon
8.56,C,Other Types of Traditional Styles
8.52,C,Other Types of Traditional Styles
8.51,C,Other Types of Traditional Styles
8.5,C,Other Types of Traditional Styles
8.49,C,Other Types of Traditional Styles
8.48,C,Other Types of Traditional Styles
8.47,C,Other Types of Traditional Styles
8.45,C,Other Types of Traditional Styles
8.45,C,Other Types of Traditional Styles
8.43,C,Other Types of Traditional Styles
8.43,C,Other Types of Traditional Styles
8.4,C,Other Types of Traditional Styles
8.4,C,Other Types of Traditional Styles
8.39,C,Other Types of Traditional Styles
8.38,C,Other Types of Traditional Styles
8.37,C,Other Types of Traditional Styles
8.34,C,Other Types of Traditional Styles
8.31,C,Other Types of Traditional Styles
8.3,C,Other Types of Traditional Styles
8.27,C,Other Types of Traditional Styles
8.26,C,Other Types of Traditional Styles
8.24,C,Other Types of Traditional Styles
8.22,C,Other Types of Traditional Styles
8.21,C,Other Types of Traditional Styles
8.1,C,Other Types of Traditional Styles
NA,C,Other Types of Traditional Styles
8.6,C,Shaolin Quan
8.46,C,Shaolin Quan
8.44,C,Shaolin Quan
8.43,C,Shaolin Quan
8.39,C,Shaolin Quan
8.38,C,Shaolin Quan
8.37,C,Shaolin Quan
8.35,C,Shaolin Quan
8.23,C,Shaolin Quan
8.23,C,Shaolin Quan
8.21,C,Shaolin Quan
8.67,C,Shuang Jian
8.61,C,Shuang Jian
8.56,C,Shuang Jian
8.56,C,Shuang Jian
8.55,C,Shuang Jian
8.41,C,Shuang Jian
8.35,C,Shuang Jian
8.55,C,Taiji Jian (Including 42 Posture Taiji Jian)
8.54,C,Taiji Jian (Including 42 Posture Taiji Jian)
8.52,C,Taiji Jian (Including 42 Posture Taiji Jian)
8.51,C,Taiji Jian (Including 42 Posture Taiji Jian)
8.48,C,Taiji Jian (Including 42 Posture Taiji Jian)
8.42,C,Taiji Jian (Including 42 Posture Taiji Jian)
8.41,C,Taiji Jian (Including 42 Posture Taiji Jian)
8.4,C,Taiji Jian (Including 42 Posture Taiji Jian)
8.4,C,Taiji Jian (Including 42 Posture Taiji Jian)
8.39,C,Taiji Jian (Including 42 Posture Taiji Jian)
8.39,C,Taiji Jian (Including 42 Posture Taiji Jian)
8.34,C,Taiji Jian (Including 42 Posture Taiji Jian)
8.33,C,Taiji Jian (Including 42 Posture Taiji Jian)
NA,C,Taiji Jian (Including 42 Posture Taiji Jian)
8.64,C,Traditional Double Weapon
8.63,C,Traditional Double Weapon
8.62,C,Traditional Double Weapon
8.61,C,Traditional Double Weapon
8.59,C,Traditional Double Weapon
8.56,C,Traditional Double Weapon
8.55,C,Traditional Double Weapon
8.52,C,Traditional Double Weapon
8.5,C,Traditional Double Weapon
8.5,C,Traditional Double Weapon
8.5,C,Traditional Double Weapon
8.46,C,Traditional Double Weapon
8.44,C,Traditional Double Weapon
8.43,C,Traditional Double Weapon
8.43,C,Traditional Double Weapon
8.93,C,Yang Style Taijiquan
8.91,C,Yang Style Taijiquan
8.9,C,Yang Style Taijiquan
8.85,C,Yang Style Taijiquan
NA,C,Yang Style Taijiquan
NA,C,Yang Style Taijiquan
9.1,D,Bagua Zhang
9.03,D,Bagua Zhang
8.9,D,Bagua Zhang
8.8,D,Bagua Zhang
NA,D,Bagua Zhang
NA,D,Bagua Zhang
9.11,D,Chen Style Taiji Jian
9.09,D,Chen Style Taiji Jian
9.08,D,Chen Style Taiji Jian
8.97,D,Chen Style Taiji Jian
8.95,D,Chen Style Taiji Jian
8.9,D,Chen Style Taiji Jian
8.79,D,Chen Style Taiji Jian
8.78,D,Chen Style Taiji Jian
8.71,D,Chen Style Taiji Jian
8.67,D,Chen Style Taiji Jian
8.61,D,Chen Style Taiji Jian
9.06,D,Choy Lay Fut Kune (Cailifo Quan)
8.94,D,Choy Lay Fut Kune (Cailifo Quan)
8.87,D,Choy Lay Fut Kune (Cailifo Quan)
8.86,D,Choy Lay Fut Kune (Cailifo Quan)
8.86,D,Choy Lay Fut Kune (Cailifo Quan)
8.83,D,Choy Lay Fut Kune (Cailifo Quan)
8.81,D,Choy Lay Fut Kune (Cailifo Quan)
9.26,D,Compulsory Yang Style Taijiquan
9.13,D,Compulsory Yang Style Taijiquan
9.03,D,Compulsory Yang Style Taijiquan
9,D,Compulsory Yang Style Taijiquan
8.98,D,Compulsory Yang Style Taijiquan
8.84,D,Compulsory Yang Style Taijiquan
8.83,D,Compulsory Yang Style Taijiquan
8.96,D,Dao (Broadsword)
8.93,D,Dao (Broadsword)
8.91,D,Dao (Broadsword)
8.87,D,Dao (Broadsword)
8.8,D,Dao (Broadsword)
8.73,D,Dao (Broadsword)
NA,D,Dao (Broadsword)
NA,D,Dao (Broadsword)
NA,D,Dao (Broadsword)
8.92,D,Fan
8.9,D,Fan
8.81,D,Fan
8.77,D,Fan
NA,D,Fan
NA,D,Fan
9.04,D,Gun (Cudgel/Staff)
8.95,D,Gun (Cudgel/Staff)
8.91,D,Gun (Cudgel/Staff)
8.9,D,Gun (Cudgel/Staff)
8.74,D,Gun (Cudgel/Staff)
8.72,D,Gun (Cudgel/Staff)
8.63,D,Gun (Cudgel/Staff)
NA,D,Gun (Cudgel/Staff)
9.13,D,Imitation Styles
9.05,D,Imitation Styles
8.97,D,Imitation Styles
8.88,D,Imitation Styles
8.87,D,Imitation Styles
8.84,D,Imitation Styles
8.75,D,Imitation Styles
9.05,D,Jian (Straight Sword)
9.02,D,Jian (Straight Sword)
9,D,Jian (Straight Sword)
8.94,D,Jian (Straight Sword)
8.89,D,Jian (Straight Sword)
8.87,D,Jian (Straight Sword)
8.84,D,Jian (Straight Sword)
8.83,D,Jian (Straight Sword)
8.82,D,Jian (Straight Sword)
8.78,D,Jian (Straight Sword)
8.73,D,Jian (Straight Sword)
8.71,D,Jian (Straight Sword)
9.22,D,Other Southern Styles Nanquan
9.03,D,Other Southern Styles Nanquan
9,D,Other Southern Styles Nanquan
8.97,D,Other Southern Styles Nanquan
8.95,D,Other Southern Styles Nanquan
8.92,D,Other Southern Styles Nanquan
8.9,D,Other Southern Styles Nanquan
8.86,D,Other Southern Styles Nanquan
8.83,D,Other Southern Styles Nanquan
8.81,D,Other Southern Styles Nanquan
8.77,D,Other Southern Styles Nanquan
NA,D,Other Southern Styles Nanquan
NA,D,Other Southern Styles Nanquan
9.21,D,Other Taiji Jian
9.12,D,Other Taiji Jian
9.06,D,Other Taiji Jian
9.04,D,Other Taiji Jian
8.86,D,Other Taiji Jian
8.73,D,Other Taiji Jian
8.72,D,Other Taiji Jian
8.71,D,Other Taiji Jian
8.63,D,Other Taiji Jian
NA,D,Other Taiji Jian
NA,D,Other Taiji Jian
9.21,D,Other Taijiquan
9.15,D,Other Taijiquan
9.05,D,Other Taijiquan
9.02,D,Other Taijiquan
8.96,D,Other Taijiquan
8.96,D,Other Taijiquan
8.93,D,Other Taijiquan
8.85,D,Other Taijiquan
NA,D,Other Taijiquan
9.18,D,Other Traditional Double Weapon
9.11,D,Other Traditional Double Weapon
9.07,D,Other Traditional Double Weapon
9,D,Other Traditional Double Weapon
8.98,D,Other Traditional Double Weapon
8.93,D,Other Traditional Double Weapon
8.92,D,Other Traditional Double Weapon
8.87,D,Other Traditional Double Weapon
8.86,D,Other Traditional Double Weapon
8.84,D,Other Traditional Double Weapon
8.82,D,Other Traditional Double Weapon
8.79,D,Other Traditional Double Weapon
8.78,D,Other Traditional Double Weapon
8.78,D,Other Traditional Double Weapon
8.77,D,Other Traditional Double Weapon
8.76,D,Other Traditional Double Weapon
8.75,D,Other Traditional Double Weapon
8.67,D,Other Traditional Double Weapon
8.08,D,Other Traditional Double Weapon
8.82,D,Other Traditional Weapon
8.78,D,Other Traditional Weapon
8.72,D,Other Traditional Weapon
8.7,D,Other Traditional Weapon
8.7,D,Other Traditional Weapon
8.69,D,Other Traditional Weapon
8.69,D,Other Traditional Weapon
8.68,D,Other Traditional Weapon
8.68,D,Other Traditional Weapon
8.67,D,Other Traditional Weapon
8.65,D,Other Traditional Weapon
8.61,D,Other Traditional Weapon
8.61,D,Other Traditional Weapon
8.6,D,Other Traditional Weapon
8.6,D,Other Traditional Weapon
8.59,D,Other Traditional Weapon
8.58,D,Other Traditional Weapon
8.57,D,Other Traditional Weapon
8.52,D,Other Traditional Weapon
8.51,D,Other Traditional Weapon
NA,D,Other Traditional Weapon
NA,D,Other Traditional Weapon
NA,D,Other Traditional Weapon
9.16,D,Other Types of Traditional Styles
9.13,D,Other Types of Traditional Styles
9.11,D,Other Types of Traditional Styles
9.1,D,Other Types of Traditional Styles
9.09,D,Other Types of Traditional Styles
9.06,D,Other Types of Traditional Styles
9.05,D,Other Types of Traditional Styles
9.05,D,Other Types of Traditional Styles
9.03,D,Other Types of Traditional Styles
9.02,D,Other Types of Traditional Styles
9.01,D,Other Types of Traditional Styles
8.98,D,Other Types of Traditional Styles
8.95,D,Other Types of Traditional Styles
8.9,D,Other Types of Traditional Styles
8.9,D,Other Types of Traditional Styles
8.89,D,Other Types of Traditional Styles
8.86,D,Other Types of Traditional Styles
8.86,D,Other Types of Traditional Styles
8.85,D,Other Types of Traditional Styles
8.84,D,Other Types of Traditional Styles
8.81,D,Other Types of Traditional Styles
8.81,D,Other Types of Traditional Styles
8.8,D,Other Types of Traditional Styles
8.76,D,Other Types of Traditional Styles
NA,D,Other Types of Traditional Styles
NA,D,Other Types of Traditional Styles
NA,D,Other Types of Traditional Styles
NA,D,Other Types of Traditional Styles
9.06,D,Shaolin Quan
9.02,D,Shaolin Quan
9,D,Shaolin Quan
8.97,D,Shaolin Quan
8.8,D,Shaolin Quan
8.79,D,Shaolin Quan
8.78,D,Shaolin Quan
8.78,D,Shaolin Quan
8.76,D,Shaolin Quan
8.68,D,Shaolin Quan
8.67,D,Shaolin Quan
NA,D,Shaolin Quan
9.17,D,Traditional Chen Style Taijiquan
9.09,D,Traditional Chen Style Taijiquan
9.07,D,Traditional Chen Style Taijiquan
9.05,D,Traditional Chen Style Taijiquan
9.01,D,Traditional Chen Style Taijiquan
8.96,D,Traditional Chen Style Taijiquan
8.95,D,Traditional Chen Style Taijiquan
8.9,D,Traditional Chen Style Taijiquan
8.88,D,Traditional Chen Style Taijiquan
8.87,D,Traditional Chen Style Taijiquan
8.79,D,Traditional Chen Style Taijiquan
8.79,D,Traditional Chen Style Taijiquan
8.7,D,Traditional Chen Style Taijiquan
9.01,D,Yang Style Taiji Weapon
8.98,D,Yang Style Taiji Weapon
8.97,D,Yang Style Taiji Weapon
8.94,D,Yang Style Taiji Weapon
8.92,D,Yang Style Taiji Weapon
8.91,D,Yang Style Taiji Weapon
8.9,D,Yang Style Taiji Weapon
8.86,D,Yang Style Taiji Weapon
8.79,D,Yang Style Taiji Weapon
8.62,D,Yang Style Taiji Weapon
9.11,D,Yang Style Taijiquan
9.06,D,Yang Style Taijiquan
9,D,Yang Style Taijiquan
8.96,D,Yang Style Taijiquan
8.88,D,Yang Style Taijiquan
8.88,D,Yang Style Taijiquan
8.86,D,Yang Style Taijiquan
8.8,D,Yang Style Taijiquan
8.72,D,Yang Style Taijiquan
NA,D,Yang Style Taijiquan
9.03,E,Posture Taiji Jian
8.98,E,Posture Taiji Jian
8.93,E,Posture Taiji Jian
8.92,E,Posture Taiji Jian
8.84,E,Posture Taiji Jian
8.8,E,Posture Taiji Jian
8.76,E,Posture Taiji Jian
8.7,E,Posture Taiji Jian
8.61,E,Posture Taiji Jian
8.59,E,Posture Taiji Jian
8.58,E,Posture Taiji Jian
8.58,E,Posture Taiji Jian
8.48,E,Posture Taiji Jian
8.47,E,Posture Taiji Jian
8.45,E,Posture Taiji Jian
8.43,E,Posture Taiji Jian
8.41,E,Posture Taiji Jian
NA,E,Posture Taiji Jian
9.08,E,Chen Style Taijiquan
9,E,Chen Style Taijiquan
8.88,E,Chen Style Taijiquan
8.86,E,Chen Style Taijiquan
8.82,E,Chen Style Taijiquan
8.8,E,Chen Style Taijiquan
8.79,E,Chen Style Taijiquan
8.74,E,Chen Style Taijiquan
8.94,E,Other Taiji Jian
8.93,E,Other Taiji Jian
8.9,E,Other Taiji Jian
8.73,E,Other Taiji Jian
8.62,E,Other Taiji Jian
8.58,E,Other Taiji Jian
NA,E,Other Taiji Jian
8.8,E,Other Taiji Weapon
8.79,E,Other Taiji Weapon
8.74,E,Other Taiji Weapon
8.73,E,Other Taiji Weapon
8.61,E,Other Taiji Weapon
8.6,E,Other Taiji Weapon
8.41,E,Other Taiji Weapon
9.03,E,Other Taijiquan
9,E,Other Taijiquan
8.95,E,Other Taijiquan
8.93,E,Other Taijiquan
8.91,E,Other Taijiquan
8.9,E,Other Taijiquan
8.83,E,Other Taijiquan
8.78,E,Other Taijiquan
8.76,E,Other Taijiquan
8.76,E,Other Taijiquan
8.75,E,Other Taijiquan
8.69,E,Other Taijiquan
8.68,E,Other Taijiquan
NA,E,Other Taijiquan
8.85,E,Other Traditional Single Weapon
8.82,E,Other Traditional Single Weapon
8.78,E,Other Traditional Single Weapon
8.77,E,Other Traditional Single Weapon
8.75,E,Other Traditional Single Weapon
8.73,E,Other Traditional Single Weapon
8.71,E,Other Traditional Single Weapon
NA,E,Other Traditional Single Weapon
NA,E,Other Traditional Single Weapon
NA,E,Other Traditional Single Weapon
NA,E,Other Traditional Single Weapon
NA,E,Other Traditional Single Weapon
9.3,E,Other Types of Traditional Styles
8.94,E,Other Types of Traditional Styles
8.9,E,Other Types of Traditional Styles
8.79,E,Other Types of Traditional Styles
8.79,E,Other Types of Traditional Styles
8.78,E,Other Types of Traditional Styles
8.77,E,Other Types of Traditional Styles
8.75,E,Other Types of Traditional Styles
8.74,E,Other Types of Traditional Styles
8.7,E,Other Types of Traditional Styles
8.65,E,Other Types of Traditional Styles
NA,E,Other Types of Traditional Styles
NA,E,Other Types of Traditional Styles
8.83,E,Other Weapon
8.81,E,Other Weapon
8.79,E,Other Weapon
8.77,E,Other Weapon
8.76,E,Other Weapon
8.73,E,Other Weapon
8.71,E,Other Weapon
8.45,E,Other Weapon
9.19,E,Traditional Yang Style Taijiquan
9.14,E,Traditional Yang Style Taijiquan
9.12,E,Traditional Yang Style Taijiquan
9.1,E,Traditional Yang Style Taijiquan
9.08,E,Traditional Yang Style Taijiquan
9.08,E,Traditional Yang Style Taijiquan
9.02,E,Traditional Yang Style Taijiquan
8.98,E,Traditional Yang Style Taijiquan
8.96,E,Traditional Yang Style Taijiquan
8.96,E,Traditional Yang Style Taijiquan
8.95,E,Traditional Yang Style Taijiquan
8.94,E,Traditional Yang Style Taijiquan
8.89,E,Traditional Yang Style Taijiquan
8.87,E,Traditional Yang Style Taijiquan
8.87,E,Traditional Yang Style Taijiquan
8.86,E,Traditional Yang Style Taijiquan
8.86,E,Traditional Yang Style Taijiquan
8.86,E,Traditional Yang Style Taijiquan
8.85,E,Traditional Yang Style Taijiquan
8.85,E,Traditional Yang Style Taijiquan
8.85,E,Traditional Yang Style Taijiquan
8.84,E,Traditional Yang Style Taijiquan
8.84,E,Traditional Yang Style Taijiquan
8.83,E,Traditional Yang Style Taijiquan
8.81,E,Traditional Yang Style Taijiquan
8.81,E,Traditional Yang Style Taijiquan
8.8,E,Traditional Yang Style Taijiquan
8.8,E,Traditional Yang Style Taijiquan
8.78,E,Traditional Yang Style Taijiquan
8.77,E,Traditional Yang Style Taijiquan
8.76,E,Traditional Yang Style Taijiquan
8.76,E,Traditional Yang Style Taijiquan
8.73,E,Traditional Yang Style Taijiquan
8.72,E,Traditional Yang Style Taijiquan
8.71,E,Traditional Yang Style Taijiquan
8.69,E,Traditional Yang Style Taijiquan
8.68,E,Traditional Yang Style Taijiquan
8.68,E,Traditional Yang Style Taijiquan
8.65,E,Traditional Yang Style Taijiquan
8.62,E,Traditional Yang Style Taijiquan
NA,E,Traditional Yang Style Taijiquan
NA,E,Traditional Yang Style Taijiquan
NA,E,Traditional Yang Style Taijiquan
9.02,E,Yang Style Taiji Jian
8.89,E,Yang Style Taiji Jian
8.87,E,Yang Style Taiji Jian
8.84,E,Yang Style Taiji Jian
8.84,E,Yang Style Taiji Jian
8.82,E,Yang Style Taiji Jian
8.81,E,Yang Style Taiji Jian
8.8,E,Yang Style Taiji Jian
8.79,E,Yang Style Taiji Jian
8.79,E,Yang Style Taiji Jian
8.75,E,Yang Style Taiji Jian
8.75,E,Yang Style Taiji Jian
8.75,E,Yang Style Taiji Jian
8.74,E,Yang Style Taiji Jian
8.73,E,Yang Style Taiji Jian
8.73,E,Yang Style Taiji Jian
8.72,E,Yang Style Taiji Jian
8.7,E,Yang Style Taiji Jian
8.68,E,Yang Style Taiji Jian
8.67,E,Yang Style Taiji Jian
8.64,E,Yang Style Taiji Jian
8.63,E,Yang Style Taiji Jian
8.6,E,Yang Style Taiji Jian
NA,E,Yang Style Taiji Jian
9.05,F,Posture Taiji Jian
8.81,F,Posture Taiji Jian
8.76,F,Posture Taiji Jian
8.62,F,Posture Taiji Jian
8.62,F,Posture Taiji Jian
8.61,F,Posture Taiji Jian
8.6,F,Posture Taiji Jian
8.5,F,Posture Taiji Jian
9.03,F,Other Traditional Weapon
9,F,Other Traditional Weapon
8.88,F,Other Traditional Weapon
8.81,F,Other Traditional Weapon
8.81,F,Other Traditional Weapon
8.81,F,Other Traditional Weapon
8.77,F,Other Traditional Weapon
8.76,F,Other Traditional Weapon
8.71,F,Other Traditional Weapon
8.7,F,Other Traditional Weapon
8.65,F,Other Traditional Weapon
8.46,F,Other Traditional Weapon
9.03,F,Other Types of Traditional Styles
8.93,F,Other Types of Traditional Styles
8.92,F,Other Types of Traditional Styles
8.85,F,Other Types of Traditional Styles
8.83,F,Other Types of Traditional Styles
8.82,F,Other Types of Traditional Styles
8.82,F,Other Types of Traditional Styles
8.81,F,Other Types of Traditional Styles
8.81,F,Other Types of Traditional Styles
8.79,F,Other Types of Traditional Styles
8.78,F,Other Types of Traditional Styles
8.76,F,Other Types of Traditional Styles
8.69,F,Other Types of Traditional Styles
8.64,F,Other Types of Traditional Styles
8.63,F,Other Types of Traditional Styles
8.36,F,Other Types of Traditional Styles
9.09,F,Traditional Yang Style Taijiquan
9.05,F,Traditional Yang Style Taijiquan
9.01,F,Traditional Yang Style Taijiquan
8.9,F,Traditional Yang Style Taijiquan
8.85,F,Traditional Yang Style Taijiquan
8.85,F,Traditional Yang Style Taijiquan
8.84,F,Traditional Yang Style Taijiquan
8.83,F,Traditional Yang Style Taijiquan
8.82,F,Traditional Yang Style Taijiquan
8.8,F,Traditional Yang Style Taijiquan
8.79,F,Traditional Yang Style Taijiquan
8.75,F,Traditional Yang Style Taijiquan
8.74,F,Traditional Yang Style Taijiquan
8.79,F,Yang Style Taiji Jian
8.66,F,Yang Style Taiji Jian
8.66,F,Yang Style Taiji Jian
8.65,F,Yang Style Taiji Jian
8.55,F,Yang Style Taiji Jian
8.48,F,Yang Style Taiji Jian
